Location;Distance to Nearest Coastal Point (km)
Rio Tinto - Medancelhe, Gondomar;9.797979619172002
Arroios, Lisboa;12.344550088464594
Fafe, Braga;50.90631598170868
Bonfim, Porto;6.7467861436355925
Benfica, Lisboa;9.792851966067698
Misericórdia, Lisboa;9.963500731008953
Gouveia, Guarda;105.17422286565939
Alvalade, Lisboa;14.072208194283228
São Félix da Marinha I, Vila Nova de Gaia;2.9111611145915415
Consolação, Peniche;0.0
Aviz, Porto;3.8727758524248954
Aires, Palmela;31.3715106470981
Santo António, Lisboa;11.450279740558718
Povoa de Santa Iria  e Forte da Casa, Vila Franca , Vila Franca de Xira;26.966924690250526
Monserrate, Viana do Castelo;0.0
Águas Santas, Porto;10.51960564694329
Canidelo, Porto;3.9645576755340723
Bustos, Oliveira do Bairro;43.59252289246416
Fenais da Luz, Ilha de São Miguel;1414.2232851256479
São Martinho do Bispo e Ribeira de Frades, Coimbra;36.42442906101372
Pechão, Faro;59.28516938685659
Paredes, Porto;21.939571653289125
Nogueira, Fraião e Lamaçães, Braga;31.3889782579993
Póvoa de Lanhoso (Nossa Senhora do Amparo), Braga;43.06501311987661
Fânzeres e São Pedro da Cova, Porto;13.685372396143663
Fânzeres e São Pedro da Cova, Porto;13.685372396143663
Casal de Ouressa, Sintra;10.093434036940145
Areeiro, Lisboa;14.051324664085923
Cova da Piedade, Almada;7.020425110686671
Areeiro, Lisboa;14.051324664085923
Vialonga, Lisboa;26.867872407278217
Massamá e Monte Abraão, Lisboa;6.814228357752641
Alfena, Porto;15.963105022833892
Águas Santas, Porto;10.51960564694329
Amora, Setúbal;9.70314923358545
Matosinhos e Leça da Palmeira, Porto;4.05647559371589
São Domingos, Santarém;57.01476605829194
Seixal, Arrentela e Aldeia de Paio Pires, Setúbal;11.42684609744841
Matosinhos e Leça da Palmeira, Porto;4.05647559371589
Cedofeita, Santo Ildefonso, Sé, Miragaia, São Nicolau e Vitória, Porto;5.370718400555397
Oliveira do Douro, Porto;7.42056882378263
Montijo e Afonsoeiro, Setúbal;25.073427815554755
Mina de Água, Lisboa;10.262866036193694
Caldas da Rainha, Caldas da Rainha;21.206071339646165
Algés, Oeiras;5.41296063204881
S.Cosme, Gondomar;12.260657705282714
Baguim do Monte - Igreja, Gondomar;12.02824006740557
Torre da Marinha, Seixal;11.683840374474547
Damaia de Cima, Amadora;8.04128418433145
Matosinhos Sul, Matosinhos;3.363446065416691
Gueifães, Maia, Maia;9.821890153377883
Arnoso (Santa Maria e Santa Eulália) e Sezures, Braga;29.52355037845546
Santo Tirso, Santo Tirso;27.103255278413656
Estrela, Lisboa;8.671484111975005
PER2 - Carvalhos, Vila Nova de Gaia;8.709174370218886
Tavira (Santa Maria e Santiago), Faro;79.19533607152272
Parque das Nações, Lisboa;18.234753100434265
Alfena, Porto;15.963105022833892
Parque das Nações, Lisboa;18.234753100434265
Meadela, Viana do Castelo;2.977748395962253
Parque das Nações, Lisboa;18.234753100434265
Amora, Setúbal;9.70314923358545
Parque das Nações, Lisboa;18.234753100434265
Marrazes e Barosa, Leiria;45.87135526249227
Parque das Nações, Lisboa;18.234753100434265
Corroios, Setúbal;7.238655208844806
Arroios, Lisboa;12.344550088464594
Urb. Colinas do Cruzeiro, Odivelas;13.329541033993166
Parque das Nações - Expo Sul, Lisboa;17.46542333689563
Almancil, Faro;45.029324235011714
Moncarapacho e Fuseta, Faro;66.48155661272949
Pinheiro da Bemposta, Oliveira de Azeméis;27.83392491651489
Lamego (Almacave e Sé), Viseu;71.18471723000803
Lamego (Almacave e Sé), Viseu;71.18471723000803
Lamego (Almacave e Sé), Viseu;71.18471723000803
Lamego (Almacave e Sé), Viseu;71.18471723000803
Lamego (Almacave e Sé), Viseu;71.18471723000803
Lamego (Almacave e Sé), Viseu;71.18471723000803
Lamego (Almacave e Sé), Viseu;71.18471723000803
Lamego (Almacave e Sé), Viseu;71.18471723000803
Bonfim, Porto;6.7467861436355925
Sátão, Sátão;81.89762570920419
Avenidas Novas, Lisboa;13.13200174110294
Gaeiras, Óbidos;20.576744002346857
Caparica e Trafaria, Setúbal;2.2262095746710227
Santa Iria de Azoia, São João da Talha e Bobadela, Lisboa;22.2215410918103
Funchal (Sé), Ilha da Madeira;907.4147701582756
Olivais, Lisboa;16.354114399684835
Alverca do Ribatejo e Sobralinho, Lisboa;31.586921632511352
Arcos de Valdevez (Salvador), Vila Fonche e Parada, Viana do Castelo;37.760974591008114
Miraflores, Oeiras;5.266317011716827
Vale de Estacas, Santarém;58.180982641265174
Santa Catarina, Porto;5.854324595561659
Alhos Vedros, Setúbal;19.76101223033143
Algés, Linda-a-Velha e Cruz Quebrada-Dafundo, Lisboa;3.6360853007030998
Odivelas, Lisboa;14.328217649455674
Parque das Nações - Expo Norte, Lisboa;19.170009748459062
Meadela, Viana do Castelo;2.977748395962253
Carcavelos e Parede, Lisboa;4.479612964151894
Massamá e Monte Abraão, Lisboa;6.814228357752641
Carcavelos e Parede, Lisboa;4.479612964151894
Carcavelos e Parede, Lisboa;4.479612964151894
Carcavelos e Parede, Lisboa;4.479612964151894
Carcavelos e Parede, Lisboa;4.479612964151894
Carcavelos e Parede, Lisboa;4.479612964151894
Carcavelos e Parede, Lisboa;4.479612964151894
Carcavelos e Parede, Lisboa;4.479612964151894
Carcavelos e Parede, Lisboa;4.479612964151894
Carcavelos e Parede, Lisboa;4.479612964151894
Carcavelos e Parede, Lisboa;4.479612964151894
Carcavelos e Parede, Lisboa;4.479612964151894
Carcavelos e Parede, Lisboa;4.479612964151894
Carcavelos e Parede, Lisboa;4.479612964151894
Carcavelos e Parede, Lisboa;4.479612964151894
Feira Nova, Amares;37.558310061098375
Praia da Rocha, Portimão;0.3492952858448541
Olivais Sul, Lisboa;16.764544907684343
São Félix da Marinha, Vila Nova de Gaia;2.9111611145915415
Monte Gordo, Vila Real de Santo António;96.58586629883453
Serralves, Porto;1.600637756201105
Valongo, Porto;15.317228097109272
Monte Gordo, Vila Real de Santo António;96.58586629883453
Sto. Ant. Charneca / Cidade Sol, Barreiro;17.334350389411913
Montijo e Afonsoeiro, Setúbal;25.073427815554755
Montijo e Afonsoeiro, Setúbal;25.073427815554755
Nacional 1, Santa Maria da Feira;12.005532386379127
Montijo e Afonsoeiro, Setúbal;25.073427815554755
Montijo e Afonsoeiro, Setúbal;25.073427815554755
Damaia de Cima, Amadora;8.04128418433145
Marinha Grande, Leiria;46.656885438043844
Montijo e Afonsoeiro, Setúbal;25.073427815554755
Venteira, Lisboa;8.043986468943439
Vila do Conde, Porto;18.041941849848865
Praia da Rocha, Portimão;0.3492952858448541
Montijo e Afonsoeiro, Setúbal;25.073427815554755
Campo de Ourique, Lisboa;10.281507683662495
Amial, Porto;6.241425648256122
Tortosendo, Castelo Branco;116.42054206086694
Bairro dos Actores, Lisboa;11.879567368245146
Feijó, Almada;6.171094176859449
Vilar de Andorinho, Vila Nova de Gaia;6.1107414726810445
Conde I, Sesimbra;25.06232106442331
Ponte da Barca, Vila Nova de Muía e Paço Vedro de Magalhães, Viana do Castelo;39.71644841339199
Cascais e Estoril, Lisboa;0.0
Paçô, Viana do Castelo;7.10437199365479
Lagoa e Carvoeiro, Faro;9.478291520192403
Pedra Mourinha, Portimão;3.236695140898152
Santa Maria Maior, Vila Real;111.03437456662985
Peniche, Peniche;4.690487960994953
Monte Gordo, Vila Real de Santo António;96.58586629883453
Venteira, Amadora;8.931660920362937
Venteira, Amadora;8.931660920362937
Venteira, Amadora;8.931660920362937
Loures, Loures;18.34297673814834
Buarcos e São Julião, Coimbra;0.0
Venteira, Amadora;8.931660920362937
Matosinhos Sul, Matosinhos;3.363446065416691
Campo de Ourique, Lisboa;10.281507683662495
Santa Maria Maior, Lisboa;11.287008909067405
Ajuda, Lisboa;8.01873198559227
Baguim do Monte - Igreja, Gondomar;12.02824006740557
Oliveira de Azeméis, Santiago de Riba-Ul, Ul, Macinhata da Seixa e Madail, Aveiro;23.432073363570613
Almada, Cova da Piedade, Pragal e Cacilhas, Setúbal;7.8137183900958505
Fluvial, Porto;1.5893000574731893
Ramalha/Centro Sul, Almada;6.5442293262447695
Peniche, Peniche;4.690487960994953
CARRIÇO, Pombal;17.676726009181944
Canidelo, Porto;3.9645576755340723
Santo António dos Cavaleiros e Frielas, Lisboa;18.05531738385541
Gulpilhares e Valadares, Porto;7.203684078768482
S.Cosme, Gondomar;12.260657705282714
Consolação, Peniche;0.0
S.Cosme, Gondomar;12.260657705282714
Laranjeiro, Almada;6.907300997076936
Santa Marinha e São Pedro da Afurada, Porto;4.89119145704773
Braga (São Vítor), Braga;31.46872295046313
São Julião, Nossa Senhora da Anunciada e Santa Maria da Graça, Setúbal;29.983104734088194
A dos Cunhados e Maceira, Lisboa;20.37219495500167
Praia, Póvoa de Varzim;14.479060434043568
Amparo, Funchal;913.8914113556772
Canidelo, Porto;3.9645576755340723
Covilhã e Canhoso, Castelo Branco;118.61921242426745
São Carlos, Sintra;7.793002602969998
Vila Nova de Famalicão e Calendário, Braga;23.960951147650228
Quinta da Cavaleira, Sintra;9.930455771462956
Praça Rainha D. Amélia, Porto;6.470892871965154
Praça Rainha D. Amélia, Porto;6.470892871965154
Santos, Lisboa, Lisboa;9.610404018144948
Parada de Cunhos, Vila Real;77.73470105960968
Antas, Porto;7.2903817058845535
Conceição, Faro;55.25788829070139
Algés, Linda-a-Velha e Cruz Quebrada-Dafundo, Lisboa;3.6360853007030998
Vilar de Andorinho, Porto;9.040445271973667
Quarteira, Faro;38.86920377587499
Castanheira do Ribatejo e Cachoeiras, Lisboa;42.97979712748262
Algés, Linda-a-Velha e Cruz Quebrada-Dafundo, Lisboa;3.6360853007030998
Madredeus, Lisboa;14.386965306890488
São Cosme Zona 1, Gondomar;12.260657705282714
Nossa Senhora da Piedade, Santarém;60.55783932597185
Malveira, Mafra;20.251576795931044
Cascais e Estoril, Lisboa;0.0
Chã, Figueira da Foz;4.089730759824772
Chã, Figueira da Foz;4.089730759824772
Palmela, Setúbal;30.007791998867116
Chã, Figueira da Foz;4.089730759824772
Chã, Figueira da Foz;4.089730759824772
Chã, Figueira da Foz;4.089730759824772
Chã, Figueira da Foz;4.089730759824772
Campo e Sobrado, Porto;18.44994119584095
Chã, Figueira da Foz;4.089730759824772
São Brás de Alportel, Faro;57.476075506073286
Shopping, Vila Real;79.7233588180311
Nova Palmela, Palmela;30.007791998867116
Faro (Sé e São Pedro), Faro;54.20524560078392
Chã, Figueira da Foz;4.089730759824772
Oliveira do Douro, Porto;7.42056882378263
Mina de Água, Lisboa;10.262866036193694
Falagueira-Venda Nova, Lisboa;9.05199620778774
Mina, Amadora;9.19543784431275
Ericeira, Lisboa;15.190253305588067
Sines, Setúbal;26.840647440421336
Calhariz de Benfica - Laranjeiras, Lisboa;10.521064993385052
Vilamoura, Loulé;37.17465435068023
Caparica e Trafaria, Setúbal;2.2262095746710227
Gaia Shopping, Vila Nova de Gaia;5.734828693824064
Valbom Zona 3, Gondomar;9.74755056971198
Costa de Caparica, Almada;0.0
Rotunda do Forcado, Santarém;56.524389674291506
Vila Nova de Famalicão e Calendário, Braga;23.960951147650228
Quelfes, Faro;64.18658412080988
Monte Abraão, Sintra;7.587076474306803
São Domingos de Benfica, Lisboa;12.203341402253104
Peso da Régua e Godim, Vila Real;73.61317471136874
Laranjeiro e Feijó, Setúbal;6.2728179730089035
Telões, Porto;50.520871303095134
Lagos, Lagos;3609.996885639528
São Vicente, Lisboa;12.283970510692418
São Vicente, Lisboa;12.283970510692418
Caniço, Ilha da Madeira;906.2278561453574
São Vicente, Lisboa;12.283970510692418
Laranjeiro, Almada;6.907300997076936
Portimão Centro, Portimão;2.3172091079974324
Rio de Mouro, Lisboa;8.317144660863974
São Vicente, Lisboa;12.283970510692418
Rio Mau, Vila do Conde;14.706141816655812
Póvoa de Santo Adrião e Olival Basto, Lisboa;16.420703861470294
Centro, Guarda;126.97236772522069
Paredes, Porto;21.939571653289125
Brandoa, Amadora;10.235009194181018
Massamá e Monte Abraão, Lisboa;6.814228357752641
S. Domingos Benfica, Lisboa;12.203341402253104
Quinta das Lágrimas / Quinta da Varzea, Coimbra;38.393802726894805
Ramalde, Porto;3.8727758524248954
Castelo, Castelo Branco;123.97457022928234
Cascais e Estoril, Lisboa;0.0
Cabanas Tavira, Tavira;79.19533607152272
Ermesinde, Porto;12.607343989226592
Vila Nova Caparica, Almada;2.8952081637842384
Perafita, Lavra e Santa Cruz do Bispo, Porto;8.1930291776794
Almancil, Faro;45.029324235011714
Benfica, Lisboa;9.792851966067698
Faro (Sé e São Pedro), Faro;54.20524560078392
Matosinhos e Leça da Palmeira, Porto;4.05647559371589
Olivais Sul, Lisboa;16.764544907684343
Olhão Baixa, Olhão;62.5301371208847
Polo Universitário, Porto;6.449000366262409
Polo Universitário, Porto;6.449000366262409
Polo Universitário, Porto;6.449000366262409
Polo Universitário, Porto;6.449000366262409
Polo Universitário, Porto;6.449000366262409
Polo Universitário, Porto;6.449000366262409
Polo Universitário, Porto;6.449000366262409
Polo Universitário, Porto;6.449000366262409
Polo Universitário, Porto;6.449000366262409
Arcos de Valdevez (São Paio) e Giela, Viana do Castelo;39.85252606754589
Matosinhos e Leça da Palmeira, Porto;4.05647559371589
Matosinhos e Leça da Palmeira, Porto;4.05647559371589
Matosinhos e Leça da Palmeira, Porto;4.05647559371589
Matosinhos e Leça da Palmeira, Porto;4.05647559371589
Matosinhos e Leça da Palmeira, Porto;4.05647559371589
Matosinhos e Leça da Palmeira, Porto;4.05647559371589
Matosinhos e Leça da Palmeira, Porto;4.05647559371589
Albufeira e Olhos de Água, Faro;27.535890776439256
Matosinhos e Leça da Palmeira, Porto;4.05647559371589
Matosinhos e Leça da Palmeira, Porto;4.05647559371589
Olhão Centro, Olhão;63.03402441286331
Matosinhos e Leça da Palmeira, Porto;4.05647559371589
Matosinhos e Leça da Palmeira, Porto;4.05647559371589
Albufeira e Olhos de Água, Faro;27.535890776439256
Benfica, Lisboa;9.792851966067698
Matosinhos e Leça da Palmeira, Porto;4.05647559371589
Matosinhos e Leça da Palmeira, Porto;4.05647559371589
Matosinhos e Leça da Palmeira, Porto;4.05647559371589
Matosinhos e Leça da Palmeira, Porto;4.05647559371589
Matosinhos e Leça da Palmeira, Porto;4.05647559371589
Matosinhos e Leça da Palmeira, Porto;4.05647559371589
Nacional 1, Santa Maria da Feira;12.005532386379127
Santa Maria Maior, Lisboa;11.287008909067405
Matosinhos e Leça da Palmeira, Porto;4.05647559371589
Matosinhos e Leça da Palmeira, Porto;4.05647559371589
Matosinhos e Leça da Palmeira, Porto;4.05647559371589
Matosinhos e Leça da Palmeira, Porto;4.05647559371589
Matosinhos e Leça da Palmeira, Porto;4.05647559371589
Matosinhos e Leça da Palmeira, Porto;4.05647559371589
Matosinhos e Leça da Palmeira, Porto;4.05647559371589
Rio Tinto - Forno, Gondomar;9.347901357721334
ERA Palmela Azeitao, Barreiro;23.636418968197397
Lisboa, Amadora;8.931660920362937
Santo António da Charneca, Setúbal;17.577764058033736
S. Gens, Matosinhos;5.118780302923655
Águas Santas, Porto;10.51960564694329
São Cosme Zona 6, Gondomar;12.260657705282714
Valongo, Porto;15.317228097109272
São João da Madeira, Aveiro;17.324137627093272
Silvares, Pias, Nogueira e Alvarenga, Porto;37.083588694755484
Moledo e Cristelo, Viana do Castelo;17.21275567819433
Rio Tinto - Av. da Conduta, Gondomar;10.900978426660448
Verderena / Avenida do Bocage, Barreiro;14.786436503217669
Verderena / Estação dos Barcos, Barreiro;14.105304182155951
Paranhos, Porto;6.200720730311939
Meixomil, Porto;27.92462341391923
Serra das Minas, Sintra;9.410767325261428
Arroios, Lisboa;12.344550088464594
Algueirão, Sintra;11.885007122638577
Santa Clara e Castelo Viegas, Coimbra;38.0356812566624
ERA Palmela Azeitao, Moita;29.937178690971553
Pegões, Montijo;55.22643683778895
Pragal, Almada;6.292416906165184
Seia, São Romão e Lapa dos Dinheiros, Guarda;102.71582425602914
ERA Palmela Azeitao, Setúbal;29.937178690971553
Campo de Ourique, Lisboa;10.281507683662495
ERA Palmela Azeitao, Setúbal;29.937178690971553
Gandra, Porto;20.452652398591038
Laranjeiro e Feijó, Setúbal;6.2728179730089035
Oliveira do Douro, Porto;7.42056882378263
Espinho, Aveiro;0.0
Nogueira, Fraião e Lamaçães, Braga;31.3889782579993
Campo de Ourique, Lisboa;10.281507683662495
Pedroso e Seixezelo, Porto;9.342552945965519
Nossa Senhora da Piedade, Santarém;60.55783932597185
Nevogilde, Porto;2.174574161002934
Marrazes e Barosa, Leiria;45.87135526249227
Chainça, Abrantes;95.46582351180204
Setúbal (São Sebastião), Setúbal;34.74005525641936
Nogueira da Regedoura, Aveiro;5.096251656917817
Fogueteiro, Seixal;12.08367799203927
Alverca do Ribatejo e Sobralinho, Lisboa;31.586921632511352
Pinhal Novo, Setúbal;27.67976920823699
Matosinhos e Leça da Palmeira, Porto;4.05647559371589
Antas, Porto;7.2903817058845535
Vila Praia de Âncora, Viana do Castelo;13.93161858684437
Ao Tojal, Lisboa;35.51987826034167
Lisboa, Lisboa;11.879567368245146
Antas, Porto;7.2903817058845535
Moscavide, Loures;18.76926342362823
São Vicente, Lisboa;12.283970510692418
Portimão, Faro;1.843917030787198
Portimão, Faro;1.843917030787198
Dafundo, Oeiras;3.6359867696537167
Olivais, Lisboa;16.354114399684835
Santo António dos Cavaleiros e Frielas, Lisboa;18.05531738385541
Santa Maria Maior, Vila Real;111.03437456662985
Selho (São Cristóvão), Braga;37.41378566024864
Jardins de Benfica, Lisboa;9.741387614674881
Belém, Lisboa;6.169214228763964
Chafé, Viana do Castelo;6.964729525772052
Chafé, Viana do Castelo;6.964729525772052
Samora Correia, Santarém;43.33075519954787
Setúbal (São Sebastião), Setúbal;34.74005525641936
Ferreiros, Prozelo e Besteiros, Braga;36.59108517201158
Lousã, Lousã;54.52941727337186
Corroios, Setúbal;7.238655208844806
Torres da Bela Vista, Loures;18.351052580714562
Olhão, Faro;62.42405763642128
Esposende, Marinhas e Gandra, Braga;3.0655027503774575
Areeiro, Lisboa;14.051324664085923
Santa Maria da Feira, Travanca, Sanfins e Espargo, Aveiro;11.537885605240778
Benfica, Lisboa;9.792851966067698
Carvalhido, Porto;4.518264283227267
Vilamoura, Loulé;37.17465435068023
Odivelas, Odivelas;14.328217649455674
Gouveia, Guarda;105.17422286565939
Pedrouços, Lisboa;16.240226428963638
Centro, Olhão;62.42405763642128
Carregado e Cadafais, Lisboa;45.240107426331456
Albufeira e Olhos de Água, Faro;27.535890776439256
Moncarapacho e Fuseta, Faro;66.48155661272949
Parque das Nações - Expo Sul, Lisboa;17.46542333689563
Oeiras e São Julião da Barra, Paço de Arcos e Caxias, Lisboa;1.0917467790256044
Ferreiras, Faro;25.919950528464536
Belas, Sintra;9.167297738659164
SJM 3, São João da Madeira;7593.235280998158
Lejana, Faro;54.53679503873221
Lumiar, Lisboa;13.776681240787086
Almada, Almada;6.907300997076936
Mealhada, Ventosa do Bairro e Antes, Aveiro;43.61760391670429
Vila Nova Caparica, Almada;2.8952081637842384
Águas Santas, Porto;10.51960564694329
Olhão Centro, Olhão;63.03402441286331
C1 - Rechousa, Vila Nova de Gaia;9.020309704875563
Ajuda, Lisboa;8.01873198559227
Fátima, Santarém;64.322263227467
Lourinhã e Atalaia, Lisboa;10.126122429150646
Vila Real de Santo António, Vila Real de Santo António;99.17169839521915
Trofa, Águeda;46.39464272202646
Carnaxide, Oeiras;5.610197989984755
Baleal, Peniche;5.810706297955714
Tribunal, Braga;30.71577194890623
Covilhã e Canhoso, Castelo Branco;118.61921242426745
Venteira, Lisboa;8.043986468943439
Paredes, Porto;21.939571653289125
Quarteira, Faro;38.86920377587499
São Vicente, Lisboa;12.283970510692418
Casal do Chapim, Odivelas;14.956217621100112
Senhora da Hora, Matosinhos;4.018086816415378
Cruz de Pau, Seixal;11.806414752230275
Feijó, Almada;6.171094176859449
Carnide, Lisboa;11.7525616270879
S. Domingos Benfica, Lisboa;12.203341402253104
Olhão Centro, Olhão;63.03402441286331
Câmara de Lobos, Ilha da Madeira;915.8629411414669
Caniço, Ilha da Madeira;906.2278561453574
Odivelas Centro, Odivelas;14.328217649455674
Baixa da Banheira e Vale da Amoreira, Setúbal;16.553662318633673
Currelos, Papízios e Sobral, Viseu;78.82550787713285
Lagares, Coimbra;90.36439179432554
Currelos, Papízios e Sobral, Viseu;78.82550787713285
Pontinha e Famões, Lisboa;12.800891642899446
Lamego (Almacave e Sé), Viseu;71.18471723000803
Águas Santas, Porto;10.51960564694329
Matadouro de Campanhã, Porto;8.29350767352667
Águas Santas, Porto;10.51960564694329
Portimão, Faro;1.843917030787198
Aos Arneiros, Lisboa;27.394232381651335
Estrela, Lisboa;8.671484111975005
Travassô, Águeda;47.05486816131406
Currelos, Papízios e Sobral, Viseu;78.82550787713285
Tomar (São João Baptista) e Santa Maria dos Olivais, Santarém;6479.269786659585
Esposende, Esposende;2.2539154839692177
Urb. Colinas do Cruzeiro, Odivelas;13.329541033993166
Souto do Rio, Águeda;52.42530819175821
São Félix da Marinha, Porto;2.9111611145915415
Belas, Sintra;9.167297738659164
Galiza, Porto;47.92969936875965
Paços de Ferreira, Porto;28.395033213393734
Portimão, Faro;1.843917030787198
Massamá 2ª Fase, Sintra;6.459352317881806
Sacavém e Prior Velho, Lisboa;18.842862368305802
Paranhos, Porto;6.200720730311939
Hospital da Cruz Vermelha - Laranjeiras, Lisboa;11.478131312123569
Pedroso e Seixezelo, Porto;9.342552945965519
Torres Novas (São Pedro), Lapas e Ribeira Branca, Santarém;83.08029825044267
Santa Marinha e São Pedro da Afurada, Porto;4.89119145704773
Seixal, Arrentela e Aldeia de Paio Pires, Setúbal;11.42684609744841
Ermesinde, Porto;12.607343989226592
Laranjeiras Metro, Lisboa;11.893393441456054
Massamá 6ª Fase, Sintra;6.459352317881806
Ferrel, Peniche;5.698716829153544
Ferrel, Peniche;5.698716829153544
Ferrel, Peniche;5.698716829153544
Ferrel, Peniche;5.698716829153544
Ferrel, Peniche;5.698716829153544
Coronado (São Romão e São Mamede), Porto;16.97703332909477
Esposende, Marinhas e Gandra, Braga;3.0655027503774575
Santa Maria Maior, Lisboa;11.287008909067405
Póvoa de Varzim, Beiriz e Argivai, Porto;14.639671084091717
Valadares e Francelos, Vila Nova de Gaia;8.190226820866064
Gondomar (São Cosme), Valbom e Jovim, Porto;11.50596710355383
Campolide, Lisboa;10.866585593669793
Covilhã, Covilhã;117.60045862402355
Mina, Amadora;9.19543784431275
São Domingos de Rana, Lisboa;4.461772440188919
Vila Chã, Vila do Conde;16.440889380719835
São Félix da Marinha III, Vila Nova de Gaia;2.9111611145915415
Avenidas Novas, Lisboa;13.13200174110294
Vilar de Andorinho, Vila Nova de Gaia;6.1107414726810445
Caparica e Trafaria, Setúbal;2.2262095746710227
Bairro Norton de Matos, Coimbra;40.381367604041884
Monte, Murtosa;28.33535910382682
Cacém e São Marcos, Lisboa;8.093431252912469
Lordelo do Ouro, Porto;1.9850624057819266
Braga (Maximinos, Sé e Cividade), Braga;28.641951127025138
Quarteira, Faro;38.86920377587499
Campanhã, Porto;8.29350767352667
Lagoa e Carvoeiro, Faro;9.478291520192403
Ajuda, Lisboa;8.01873198559227
São Cosme Zona 3, Gondomar;12.260657705282714
Paços de Ferreira, Porto;28.395033213393734
Av. Fernão Magalhães, Coimbra;38.32071646285078
Rio Tinto - Cidade Jovem, Gondomar;11.401725605417132
Gulpilhares e Valadares, Porto;7.203684078768482
Estrada Monumental, Funchal;914.2232946155461
Oliveira do Douro, Porto;7.42056882378263
Cidade da Maia, Porto;9.976819436369437
S.Cosme, Gondomar;12.260657705282714
Linda-a-velha, Oeiras;4.781621070710072
Lourinhã e Atalaia, Lisboa;10.126122429150646
Massamá, Sintra;6.459352317881806
Gualtar, Braga;29.52355037845546
Lourinhã e Atalaia, Lisboa;10.126122429150646
Torno, Porto;41.566375625907966
Cacilhas, Almada;8.637689974926232
Cacém e São Marcos, Lisboa;8.093431252912469
Cova da Piedade, Almada;7.020425110686671
Samora Correia, Santarém;43.33075519954787
Alhandra, Vila Franca de Xira;35.443728472174655
Matosinhos e Leça da Palmeira, Porto;4.05647559371589
Ramalde, Porto;3.8727758524248954
Mafamude e Vilar do Paraíso, Porto;6.770902715421252
Mafamude e Vilar do Paraíso, Porto;6.770902715421252
Mafamude e Vilar do Paraíso, Porto;6.770902715421252
Mafamude e Vilar do Paraíso, Porto;6.770902715421252
Mafamude e Vilar do Paraíso, Porto;6.770902715421252
Mafamude e Vilar do Paraíso, Porto;6.770902715421252
Mafamude e Vilar do Paraíso, Porto;6.770902715421252
Mafamude e Vilar do Paraíso, Porto;6.770902715421252
Mafamude e Vilar do Paraíso, Porto;6.770902715421252
Mafamude e Vilar do Paraíso, Porto;6.770902715421252
Mafamude e Vilar do Paraíso, Porto;6.770902715421252
Mafamude e Vilar do Paraíso, Porto;6.770902715421252
Mafamude e Vilar do Paraíso, Porto;6.770902715421252
Mafamude e Vilar do Paraíso, Porto;6.770902715421252
Oeiras e São Julião da Barra, Paço de Arcos e Caxias, Lisboa;1.0917467790256044
Selho (São Jorge), Braga;35.852763466171446
Graça, Lisboa;12.09822882810335
Chiado, Lisboa;10.78655434870648
Praça Rainha D. Amélia, Porto;6.470892871965154
Montijo e Afonsoeiro, Setúbal;25.073427815554755
Avenidas Novas, Lisboa;13.13200174110294
Castelo Branco, Castelo Branco;124.20107703903876
Moncarapacho e Fuseta, Faro;66.48155661272949
São Domingos de Benfica, Lisboa;12.203341402253104
Vila do Conde, Porto;18.041941849848865
Penha de França, Lisboa;12.88500975612095
Lavradio, Barreiro;15.917019846488934
Lumiar, Lisboa;13.776681240787086
Estrada Monumental, Funchal;914.2232946155461
ERA Palmela Azeitao, Seixal;29.937178690971553
Santa Marta do Pinhal, Seixal;11.806414752230275
ERA Palmela Azeitao, Barreiro;23.636418968197397
Massarelos, Porto;3.674647707961619
ERA Palmela Azeitao, Moita;29.937178690971553
Vale Churido, Bragança;170.40555755121383
Loures, Loures;18.34297673814834
Lamego (Almacave e Sé), Viseu;71.18471723000803
Marvila, Lisboa;15.532421029518922
Santa Clara, Coimbra;37.78388298667887
Rio Tinto, Porto;9.7032781760626
Vendas Novas, Évora;67.10516358506892
Loulé (São Sebastião), Faro;40.56124696460798
Loulé (São Sebastião), Faro;40.56124696460798
Loulé, Loulé;45.78188422280282
Marinha Grande, Leiria;46.656885438043844
Canidelo, Porto;3.9645576755340723
Castelo Branco, Castelo Branco;124.20107703903876
Vila Nova de Paiva, Vila Nova de Paiva;75.08154361619711
Coimbra (Sé Nova, Santa Cruz, Almedina e São Bartolomeu), Coimbra;40.23559103543437
Granja Park, Castelo Branco;123.15261137343614
Ajuda, Funchal;913.3577824919167
Santa Marinha e São Pedro da Afurada, Porto;4.89119145704773
Entroncamento, Entroncamento;77.15659134196778
Cedofeita, Santo Ildefonso, Sé, Miragaia, São Nicolau e Vitória, Porto;5.370718400555397
Pampilhosa, Mealhada;43.5060658417184
Campolide, Lisboa;10.866585593669793
Custóias, Matosinhos;6.120257846126762
Campo de Ourique, Lisboa;10.281507683662495
Alto Sto Amaro, Lisboa;11.879567368245146
Alhos Vedros, Setúbal;19.76101223033143
Vila Praia de Âncora, Viana do Castelo;13.93161858684437
Paços de Ferreira, Porto;28.395033213393734
Ponta Delgada (São Pedro), Ilha de São Miguel;1416.8472072912325
Corroios, Setúbal;7.238655208844806
Santa Marinha e Afurada, Vila Nova de Gaia;4.89119145704773
Vilamoura, Loulé;37.17465435068023
Santa Marinha e Afurada, Vila Nova de Gaia;4.89119145704773
São Marcos, Sintra;6.255093218872139
Cedofeita, Santo Ildefonso, Sé, Miragaia, São Nicolau e Vitória, Porto;5.370718400555397
Barcarena, Lisboa;4.13671103688827
Barcouço, Mealhada;38.022250172341145
Rua do Brasil / Quinta D. João, Coimbra;39.87429272526578
Canidelo, Vila Nova de Gaia;6.1107414726810445
Praia Leça da Palmeira, Matosinhos;4.851385511601866
Encosta da Barata, Abrantes;97.81508701487935
Aguada de Cima, Águeda;54.83199380027209
Centro de Carnaxide, Oeiras;5.461758869398611
Laranjeiro, Almada;6.907300997076936
Águas Santas, Porto;10.51960564694329
Parque das Nações, Lisboa;18.234753100434265
Cidade da Maia, Porto;9.976819436369437
Santa Marinha, Vila Nova de Gaia;4.89119145704773
Arroja, Odivelas;14.191968258884296
Alfena, Porto;15.963105022833892
Peniche, Peniche;4.690487960994953
Alcabideche, Lisboa;4.098718251877825
Albufeira e Olhos de Água, Faro;27.535890776439256
Almancil Centro, Loulé;45.029324235011714
Bonfim, Porto;6.7467861436355925
Massamá 2ª Fase, Sintra;6.459352317881806
Arcos de Valdevez (Salvador), Vila Fonche e Parada, Viana do Castelo;37.760974591008114
Covilhã, Covilhã;117.60045862402355
Faro (Sé e São Pedro), Faro;54.20524560078392
Consolação, Peniche;0.0
Espinho I, Espinho;87.81808599129917
Santa Iria de Azoia, São João da Talha e Bobadela, Lisboa;22.2215410918103
São Martinho, Ilha da Madeira;913.1634493354305
Estrela, Lisboa;8.671484111975005
Oliveira do Douro, Porto;7.42056882378263
Quinta da Cabrinha, Seixal;13.01106050401225
C2 - Quinta dos Bispos, Vila Nova de Gaia;9.350369766812623
Lisboa, Lisboa;11.879567368245146
Armação de Pêra, Silves;15.848149929652397
Póvoa de Santa Iria e Forte da Casa, Lisboa;26.966924690250526
Bemposta, Portimão;3.514586893596148
Sesimbra (Castelo), Setúbal;20.09756346776655
Pinheiro Manso, Porto;2.4368767102548117
Faro (Sé e São Pedro), Faro;54.20524560078392
Marquês, Porto;5.939522375508541
Marquês, Porto;5.939522375508541
Marquês, Porto;5.939522375508541
Marquês, Porto;5.939522375508541
Moscavide e Portela, Lisboa;18.508307907418583
Gondomar (São Cosme), Valbom e Jovim, Porto;11.50596710355383
Pinhal Novo, Setúbal;27.67976920823699
São Martinho, Ilha da Madeira;913.1634493354305
Águas Livres, Lisboa;8.24628966617172
Ajuda, Lisboa;8.01873198559227
Caniço de Baixo, Santa Cruz;905.5085539862554
Tavira (Santa Maria e Santiago), Faro;79.19533607152272
Paderne, Faro;30.360871130654424
Falagueira-Venda Nova, Lisboa;9.05199620778774
Paços de Ferreira, Porto;28.395033213393734
São Félix da Marinha, Porto;2.9111611145915415
Marvila - Lisboa, Lisboa;15.532421029518922
Pedroso e Seixezelo, Porto;9.342552945965519
Avanca, Estarreja;23.142692363180696
Ponta Delgada (São José), Ilha de São Miguel;1418.824740901806
São Gonçalo de Lagos, Faro;13.918843266837028
Sines, Setúbal;26.840647440421336
Costa da Caparica, Almada;0.0
Estoril, Cascais;4.942227216158507
Torres do Restelo, Lisboa;7.013245074813195
Praça Rainha D. Amélia, Porto;6.470892871965154
Praça Rainha D. Amélia, Porto;6.470892871965154
Praça Rainha D. Amélia, Porto;6.470892871965154
Praça Rainha D. Amélia, Porto;6.470892871965154
Praça Rainha D. Amélia, Porto;6.470892871965154
Praça Rainha D. Amélia, Porto;6.470892871965154
Olivais Sul, Lisboa;16.764544907684343
Gouveia, Guarda;105.17422286565939
Alvalade, Lisboa;14.072208194283228
São Martinho, Ilha da Madeira;913.1634493354305
Gulpilhares e Valadares, Porto;7.203684078768482
Linda-a-Velha, Oeiras;4.781621070710072
Av. Novas/ Av. República, Lisboa;13.086353636063102
Fânzeres - Regadas, Gondomar;12.979886997584128
Porto, Porto;3.8727758524248954
Algés, Oeiras;5.41296063204881
Senhora da Hora, Matosinhos;4.018086816415378
Malveira, Mafra;20.251576795931044
Hospital, Santarém;57.73688736961332
Loures, Loures;18.34297673814834
S.Cosme, Gondomar;12.260657705282714
Costa da Caparica, Setúbal;0.0
Parque das Nações - Expo Sul, Lisboa;17.46542333689563
Alfragide, Lisboa;7.720760757247745
Jardins do Cristo Rei, Loures;18.254042466654607
Boavista, Porto;4.196457361249636
Forte da Casa, Vila Franca de Xira;28.53609709463579
Leça do Balio, Matosinhos;7.53682904087984
Odivelas Centro, Odivelas;14.328217649455674
Santa Cruz, Ilha da Madeira;899.0597564170495
Ponta Delgada (São Pedro), Ilha de São Miguel;1416.8472072912325
São Mamede de Infesta e Senhora da Hora, Porto;4.018086816415378
Grândola e Santa Margarida da Serra, Setúbal;56.112879312737334
Fânzeres e São Pedro da Cova, Porto;13.685372396143663
Rinchoa, Sintra;10.472762456554554
Damaia de Cima, Amadora;8.04128418433145
Pombal, Leiria;35.112675632789276
Águas Livres, Lisboa;8.24628966617172
Tomar (São João Baptista) e Santa Maria dos Olivais, Santarém;6479.269786659585
Ranhados, Viseu;74.37338154557564
Pombal, Leiria;35.112675632789276
Venteira, Amadora;8.931660920362937
Marvila, Lisboa;15.532421029518922
Póvoa de Santa Iria e Forte Da Casa, Vila Franca de Xira;26.966924690250526
Pombal, Leiria;35.112675632789276
Quelfes, Faro;64.18658412080988
Pombal, Leiria;35.112675632789276
Corroios Centro, Seixal;11.806414752230275
Algés, Linda-a-Velha e Cruz Quebrada-Dafundo, Lisboa;3.6360853007030998
Santa Marinha e São Pedro da Afurada, Porto;4.89119145704773
Odivelas, Lisboa;14.328217649455674
Castelos, Porto;3.8727758524248954
Cedofeita, Porto;5.370718400555397
Vilamoura, Loulé;37.17465435068023
Alfornelos, Amadora;10.351777754343637
Mafamude e Vilar do Paraíso, Vila Nova de Gaia;6.770902715421252
Estômbar e Parchal, Faro;5.353096078664188
Júlio Dinis, Porto;3.8727758524248954
Corroios, Seixal;7.238655208844806
Santa Maria Maior, Viana do Castelo;1.5374131605361308
Celas, Coimbra;40.12085130861075
Telheiras, Lisboa;12.94312325216144
Montijo e Afonsoeiro, Setúbal;25.073427815554755
Sátão, Sátão;81.89762570920419
Arca d´ Água, Porto;5.644195495353786
Centro Histórico, Santarém;56.524389674291506
Celas, Coimbra;40.12085130861075
Arroios, Lisboa;12.344550088464594
Vilamoura, Loulé;37.17465435068023
Braga (São Vítor), Braga;31.46872295046313
Paços de Ferreira, Porto;28.395033213393734
Amadora, Amadora;8.931660920362937
Paços de Ferreira, Porto;28.395033213393734
Alto de Algés, Oeiras;5.177570800077269
Igreja da Memória, Lisboa;7.038908159561101
Metro do Heroísmo, Porto;6.8548912710404055
Metro do Heroísmo, Porto;6.8548912710404055
Metro do Heroísmo, Porto;6.8548912710404055
Metro do Heroísmo, Porto;6.8548912710404055
Metro do Heroísmo, Porto;6.8548912710404055
Tavira, Tavira;79.19533607152272
Espinho, Aveiro;0.0
Nossa Senhora das Misericórdias, Santarém;64.72455438073362
Carvalhido, Porto;4.518264283227267
Alto das Vinhas Grandes, Montijo;25.748476782168684
Montijo e Afonsoeiro, Setúbal;25.073427815554755
Alvor, Portimão;5.229326271488257
Quarteira, Loulé;38.86920377587499
Paços de Ferreira, Porto;28.395033213393734
Tomar (São João Baptista) e Santa Maria dos Olivais, Santarém;6479.269786659585
Tarouca e Dálvares, Viseu;74.09593867736245
Santa Maria Maior, Vila Real;111.03437456662985
Ermesinde, Porto;12.607343989226592
Paços de Ferreira, Porto;28.395033213393734
Paços de Ferreira, Porto;28.395033213393734
Alfena, Porto;15.963105022833892
Paços de Ferreira, Porto;28.395033213393734
Paços de Ferreira, Porto;28.395033213393734
Paços de Ferreira, Porto;28.395033213393734
Viso Sul, Viseu;74.60189475115962
Viso Sul, Viseu;74.60189475115962
Abraveses, Viseu;70.60051599582494
Viso Sul, Viseu;74.60189475115962
Olivais, Lisboa;16.354114399684835
Viso Sul, Viseu;74.60189475115962
Ermesinde, Valongo;12.607343989226592
Viso Sul, Viseu;74.60189475115962
Viso Sul, Viseu;74.60189475115962
Paredes, Porto;21.939571653289125
Olaias, Lisboa;14.242667463776487
Torres Novas (Santa Maria, Salvador e Santiago), Santarém;6479.269786659585
Esmoriz, Aveiro;5.599140172178762
Torre da Marinha, Seixal;11.683840374474547
Campolide, Lisboa;10.866585593669793
Alvalade, Lisboa;14.072208194283228
Costa, Braga;29.52355037845546
Parque das Nações - Expo Norte, Lisboa;19.170009748459062
Pinheiro Manso, Porto;2.4368767102548117
Amorosa, Viana do Castelo;5.924535127159495
Boavista, Porto;4.196457361249636
Oeiras e São Julião da Barra, Paço de Arcos e Caxias, Lisboa;1.0917467790256044
Damaia de Cima, Amadora;8.04128418433145
Olivais, Lisboa;16.354114399684835
Aldeia de Joanes, Fundão;115.98107819181976
Quinta das Lágrimas / Quinta da Varzea, Coimbra;38.393802726894805
Coimbra (Sé Nova, Santa Cruz, Almedina e São Bartolomeu), Coimbra;40.23559103543437
Almada, Cova da Piedade, Pragal e Cacilhas, Setúbal;7.8137183900958505
Algueirão-Mem Martins, Lisboa;11.057431657645967
Alhos Vedros / Agrup. Escolas, Moita;17.435786597076955
Alvor, Portimão;5.229326271488257
Rio Tinto, Porto;9.7032781760626
Centro, Viseu;72.64347553776635
São João da Madeira, Aveiro;17.324137627093272
Portimão Centro, Portimão;2.3172091079974324
Matadouro, Figueira da Foz;3.7609366417186694
Cavalinha, Olhão;62.88552177388541
Cristelos, Boim e Ordem, Porto;35.00092710556801
Arroios, Lisboa;12.344550088464594
Tomar (São João Baptista) e Santa Maria dos Olivais, Santarém;6479.269786659585
Macieira de Cambra, Aveiro;27.803607678515117
Rio Tinto - Forno, Gondomar;9.347901357721334
Santo António dos Olivais, Coimbra;41.07894873389291
Bairro Catroga e Gaio, Abrantes;101.96709588594976
São Lourenço do Bairro, Aveiro;44.347112515133595
ERA Palmela Azeitao, Moita;29.937178690971553
Almada, Almada;6.907300997076936
Viseu, Viseu;72.64347553776635
Abraveses, Viseu;70.60051599582494
Prelada, Porto;4.1327339389368705
Rio Tinto, Porto;9.7032781760626
Minde, Santarém;62.86463035630798
Porto, Porto;3.8727758524248954
Bairro da Coopalme, Sintra;10.131636554622869
Alto do Seixalinho / Escavadeira, Barreiro;15.019171738166277
Montijo e Afonsoeiro, Setúbal;25.073427815554755
Laranjeiro, Almada;6.907300997076936
Albufeira e Olhos de Água, Faro;27.535890776439256
Arca d´ Água, Porto;5.644195495353786
Aires, Palmela;31.3715106470981
Olhão Norte, Olhão;62.42405763642128
Rio Tinto, Porto;9.7032781760626
Vau, Leiria;46.980189264200654
Sines, Setúbal;26.840647440421336
Campo de Ourique, Lisboa;10.281507683662495
Loulé (São Clemente), Faro;48.321124179548676
Quarteira, Faro;38.86920377587499
Machico, Ilha da Madeira;896.3608236804212
Centro, Albergaria-a-Velha;36.51450477840626
Fernão Magalhães, Porto;7.2992645293475125
Hospital de São João, Matosinhos;7.1164346547810196
Glória e Vera Cruz, Aveiro;39.99721647091838
Santa Iria de Azoia, São João da Talha e Bobadela, Lisboa;22.2215410918103
Santa Iria de Azoia, São João da Talha e Bobadela, Lisboa;22.2215410918103
Santo António dos Olivais, Coimbra;41.07894873389291
Santo António dos Olivais, Coimbra;41.07894873389291
Santo António dos Olivais, Coimbra;41.07894873389291
Santo António dos Olivais, Coimbra;41.07894873389291
Oliveira de Azeméis, Santiago de Riba-Ul, Ul, Macinhata da Seixa e Madail, Aveiro;23.432073363570613
Horta das Figueiras, Évora;115.4713267159069
Bessa Leite, Porto;2.522943088615702
Sátão, Sátão;81.89762570920419
Bonfim, Porto;6.7467861436355925
Costa de Caparica, Almada;0.0
Vila Nova de Gaia, Vila Nova de Gaia;6.1107414726810445
Povos, Vila Franca de Xira;40.603720753952175
Esmoriz II - Pinhal D'Aberta, Ovar;5.302157240212409
Santa Marinha e São Pedro da Afurada, Porto;4.89119145704773
Barreiro, Barreiro;13.518795952033015
Ramalde, Porto;3.8727758524248954
Aver-o-Mar, Póvoa de Varzim;14.479060434043568
Lagos, Lagos;3609.996885639528
Falagueira-Venda Nova, Lisboa;9.05199620778774
Mina de Água, Lisboa;10.262866036193694
Alhos Vedros, Setúbal;19.76101223033143
Massamá Norte, Sintra;7.703088570529371
São Pedro, Santarém;57.464880131091824
Castanheira do Ribatejo e Cachoeiras, Lisboa;42.97979712748262
Casal de Cambra, Lisboa;12.819805423707153
Matosinhos Centro, Matosinhos;4.05647559371589
Caniço, Ilha da Madeira;906.2278561453574
Caniço, Ilha da Madeira;906.2278561453574
Odivelas, Lisboa;14.328217649455674
Abrantes (São Vicente e São João) e Alferrarede, Santarém;95.22015910196744
Elisio de Moura, Coimbra;40.23559103543437
Monte Gordo, Vila Real de Santo António;96.58586629883453
Monte Gordo, Vila Real de Santo António;96.58586629883453
Aguçadoura e Navais, Porto;9.064993584684698
Centro, Viseu;72.64347553776635
Mundão, Viseu;73.81116391179792
Centro, Viseu;72.64347553776635
Centro, Viseu;72.64347553776635
Centro, Viseu;72.64347553776635
Viseu, Viseu;72.64347553776635
Parque das Nações - Expo Norte, Lisboa;19.170009748459062
Olhão Norte, Olhão;62.42405763642128
Oliveira, São Paio e São Sebastião, Braga;41.408760568652156
Arcozelo, Ponte de Lima;23.110969865679564
Monte Abraão, Sintra;7.587076474306803
Sever do Vouga, Aveiro;37.938654563792305
Venda do Pinheiro, Mafra;22.1167942510554
Centro, Viseu;72.64347553776635
Vila Real (Nossa Senhora da Conceição, São Pedro e São Dinis), Vila Real;79.7233588180311
Queluz, Sintra;7.316110740468736
Vila Real (Nossa Senhora da Conceição, São Pedro e São Dinis), Vila Real;79.7233588180311
Vila Real (Nossa Senhora da Conceição, São Pedro e São Dinis), Vila Real;79.7233588180311
Centro, Viseu;72.64347553776635
Maia, Maia;10340.702276486052
Darque, Viana do Castelo;0.5937873506682352
Centro, Viseu;72.64347553776635
Darque, Viana do Castelo;0.5937873506682352
Vila Real (Nossa Senhora da Conceição, São Pedro e São Dinis), Vila Real;79.7233588180311
Chiado, Lisboa;10.78655434870648
Arca d´ Água, Porto;5.644195495353786
Mafamude e Vilar do Paraíso, Porto;6.770902715421252
Albufeira - Montechoro, Albufeira;27.58163557497042
Centro, Viseu;72.64347553776635
Águas Santas, Porto;10.51960564694329
Mafamude e Vilar do Paraíso, Porto;6.770902715421252
Águas Santas, Porto;10.51960564694329
Vila Real (Nossa Senhora da Conceição, São Pedro e São Dinis), Vila Real;79.7233588180311
São Cosme Zona 7, Gondomar;12.260657705282714
Águas Santas, Porto;10.51960564694329
Oliveira do Douro, Porto;7.42056882378263
Águas Santas, Porto;10.51960564694329
Águas Santas, Porto;10.51960564694329
Oliveira do Douro, Porto;7.42056882378263
Águas Santas, Porto;10.51960564694329
Centro, Viseu;72.64347553776635
Águas Santas, Porto;10.51960564694329
Canidelo, Porto;3.9645576755340723
Águas Santas, Porto;10.51960564694329
Vila Real (Nossa Senhora da Conceição, São Pedro e São Dinis), Vila Real;79.7233588180311
Cantanhede, Cantanhede;5853.672996996857
São Marcos - Cacém, Sintra;6.245776352710735
Alcochete, Setúbal;26.554424978369944
Soeiros / Torres de Lisboa, Lisboa;12.155072185857549
Águas Santas, Porto;10.51960564694329
Ermesinde, Porto;12.607343989226592
Águas Santas, Porto;10.51960564694329
Águas Santas, Porto;10.51960564694329
Águas Santas, Porto;10.51960564694329
Águas Santas, Porto;10.51960564694329
Santa Maria, São Pedro e Matacães, Lisboa;26.714150654224138
Águas Santas, Porto;10.51960564694329
Buraca, Amadora;8.931660920362937
Águas Santas, Porto;10.51960564694329
Águas Santas, Porto;10.51960564694329
Águas Santas, Porto;10.51960564694329
Águas Santas, Porto;10.51960564694329
Olivais, Lisboa;16.354114399684835
Moscavide, Loures;18.76926342362823
Seixal, Arrentela e Aldeia de Paio Pires, Setúbal;11.42684609744841
Costa da Caparica, Setúbal;0.0
Amadora / Encosta do Sol, Amadora;10.466708539636564
Frazão Arreigada, Porto;25.764345651663355
Cascais e Estoril, Lisboa;0.0
Damaia de Cima, Amadora;8.04128418433145
Fátima, Santarém;64.322263227467
Moita, Setúbal;21.135826600928002
Baixa da Banheira e Vale da Amoreira, Setúbal;16.553662318633673
Ramada e Caneças, Lisboa;14.744078742070112
Canidelo, Porto;3.9645576755340723
Árvore, Vila do Conde;19.820206528407752
Laranjeiro, Almada;6.907300997076936
Ajuda, Lisboa;8.01873198559227
SJM 4, São João da Madeira;17.973921905226348
Santos, Lisboa, Lisboa;9.610404018144948
Vila Real de Santo António, Vila Real de Santo António;99.17169839521915
Cascais e Estoril, Lisboa;0.0
Centro, Aveiro;40.78765854138641
Centro, Aveiro;40.78765854138641
Centro, Aveiro;40.78765854138641
Centro, Aveiro;40.78765854138641
Charneca de Caparica e Sobreda, Setúbal;3.628115439842423
Paços de Ferreira, Porto;28.395033213393734
Centro, Aveiro;40.78765854138641
Cruz de Pau, Seixal;11.806414752230275
Centro de Carnaxide, Oeiras;5.461758869398611
Centro, Aveiro;40.78765854138641
Centro, Aveiro;40.78765854138641
Centro, Aveiro;40.78765854138641
Centro, Aveiro;40.78765854138641
Centro, Aveiro;40.78765854138641
Centro, Aveiro;40.78765854138641
Cedofeita, Santo Ildefonso, Sé, Miragaia, São Nicolau e Vitória, Porto;5.370718400555397
Bairro Norton de Matos, Coimbra;40.381367604041884
Centro, Aveiro;40.78765854138641
Chainça, Abrantes;95.46582351180204
Armação de Pêra, Silves;15.848149929652397
Centro, Aveiro;40.78765854138641
Centro, Aveiro;40.78765854138641
Centro, Aveiro;40.78765854138641
Vilamoura, Loulé;37.17465435068023
Centro, Aveiro;40.78765854138641
Centro, Aveiro;40.78765854138641
Centro, Aveiro;40.78765854138641
Centro, Aveiro;40.78765854138641
Centro, Aveiro;40.78765854138641
Centro, Aveiro;40.78765854138641
Centro, Aveiro;40.78765854138641
Vilamoura, Loulé;37.17465435068023
Centro, Aveiro;40.78765854138641
Aos Arneiros, Lisboa;27.394232381651335
Centro, Aveiro;40.78765854138641
Monte Abraão, Sintra;7.587076474306803
Centro, Aveiro;40.78765854138641
Aos Arneiros, Lisboa;27.394232381651335
Centro, Aveiro;40.78765854138641
Lordelo, Porto;23.063582630597043
Centro, Aveiro;40.78765854138641
Cova da Piedade, Almada;7.020425110686671
Centro, Aveiro;40.78765854138641
Centro, Aveiro;40.78765854138641
Aos Arneiros, Lisboa;27.394232381651335
Centro, Aveiro;40.78765854138641
Pêra, Silves;18.779581419682074
Olaias, Lisboa;14.242667463776487
Centro, Aveiro;40.78765854138641
Agualva e Mira-Sintra, Lisboa;8.389125701920866
Centro, Aveiro;40.78765854138641
Centro, Aveiro;40.78765854138641
Centro, Aveiro;40.78765854138641
Centro, Aveiro;40.78765854138641
Centro, Aveiro;40.78765854138641
Centro, Aveiro;40.78765854138641
Braga (São José de São Lázaro e São João do Souto), Braga;29.52355037845546
Centro, Aveiro;40.78765854138641
Centro, Aveiro;40.78765854138641
Centro, Aveiro;40.78765854138641
Centro, Aveiro;40.78765854138641
Cova da Piedade, Almada;7.020425110686671
Seia, São Romão e Lapa dos Dinheiros, Guarda;102.71582425602914
Seia, São Romão e Lapa dos Dinheiros, Guarda;102.71582425602914
Seia, São Romão e Lapa dos Dinheiros, Guarda;102.71582425602914
Mem Martins, Sintra;11.885007122638577
Queluz e Belas, Lisboa;7.315045668166374
Costa da Caparica, Setúbal;0.0
Ponta Delgada (São Pedro), Ilha de São Miguel;1416.8472072912325
Seia, São Romão e Lapa dos Dinheiros, Guarda;102.71582425602914
Vilamoura, Loulé;37.17465435068023
Ramalde, Porto;3.8727758524248954
Centro, Aveiro;40.78765854138641
Campo de Ourique, Lisboa;10.281507683662495
Tavira, Tavira;79.19533607152272
Senhora da Hora, Matosinhos;4.018086816415378
Seia, São Romão e Lapa dos Dinheiros, Guarda;102.71582425602914
Costa da Caparica, Setúbal;0.0
Seia, São Romão e Lapa dos Dinheiros, Guarda;102.71582425602914
Vilamoura, Loulé;37.17465435068023
Funchal (São Pedro), Ilha da Madeira;911.3474709952105
Trafaria, Almada;2.9314009547226467
Ponta Delgada (São José), Ilha de São Miguel;1418.824740901806
Pontinha e Famões, Lisboa;12.800891642899446
Praia da Rocha, Portimão;0.3492952858448541
Santa Marinha e São Pedro da Afurada, Porto;4.89119145704773
Santa Marta do Pinhal, Seixal;11.806414752230275
Seixal, Arrentela e Aldeia de Paio Pires, Setúbal;11.42684609744841
Costa Cabral, Porto;7.287323197969414
Centro, Aveiro;40.78765854138641
Santa Apolónia, Bragança;170.16962153273306
Olivais Sul, Lisboa;16.764544907684343
Mina de Água, Lisboa;10.262866036193694
Vila Chã, Codal e Vila Cova de Perrinho, Aveiro;24.708348532606074
Centro, Aveiro;40.78765854138641
Venda do Pinheiro, Mafra;22.1167942510554
Porto, Porto;3.8727758524248954
Canidelo, Vila Nova de Gaia;6.1107414726810445
Centro, Aveiro;40.78765854138641
Porto, Porto;3.8727758524248954
Porto, Porto;3.8727758524248954
Centro, Aveiro;40.78765854138641
Porto, Porto;3.8727758524248954
Viseu, Viseu;72.64347553776635
Centro, Aveiro;40.78765854138641
Porto, Porto;3.8727758524248954
Samora Correia, Benavente;43.33075519954787
Santa Marinha e São Pedro da Afurada, Porto;4.89119145704773
Centro, Aveiro;40.78765854138641
Praia, Póvoa de Varzim;14.479060434043568
Centro, Aveiro;40.78765854138641
Monte da Caparica, Almada;4.111276862592762
Continente, Loulé;47.08653545762918
Centro, Aveiro;40.78765854138641
Centro, Aveiro;40.78765854138641
ANSIÃO, Ansião;47.36146215354878
Centro, Aveiro;40.78765854138641
Santo Tirso, Santo Tirso;27.103255278413656
Rio Tinto, Porto;9.7032781760626
Celas, Coimbra;40.12085130861075
Paços de Ferreira, Porto;28.395033213393734
Centro, Aveiro;40.78765854138641
Eiriz, Porto;29.57594050794217
Monte Gordo, Faro;96.58586629883453
Centro, Aveiro;40.78765854138641
Celas, Coimbra;40.12085130861075
Boavista, Porto;4.196457361249636
Parque das Nações - Expo Norte, Lisboa;19.170009748459062
Centro, Aveiro;40.78765854138641
Tomar (São João Baptista) e Santa Maria dos Olivais, Santarém;6479.269786659585
Sítio de Sao Pedro/ Alto do Cano, Tavira;77.92523369431781
Centro, Aveiro;40.78765854138641
Ermesinde, Porto;12.607343989226592
Aos Arneiros, Lisboa;27.394232381651335
Aos Arneiros, Lisboa;27.394232381651335
Massamá e Monte Abraão, Lisboa;6.814228357752641
Almancil Centro, Loulé;45.029324235011714
Alhandra, Vila Franca de Xira;35.443728472174655
Aeroporto, Maia;9.575995446195106
Centro, Aveiro;40.78765854138641
Vila Nova de Milfontes, Beja;86.92996267264743
Centro, Aveiro;40.78765854138641
Apúlia, Esposende;3.2890961608035956
Centro, Aveiro;40.78765854138641
Sto. Ovídio, Vila Nova de Gaia;6.1107414726810445
Marvila, Lisboa;15.532421029518922
Olivais Sul, Lisboa;16.764544907684343
Centro, Aveiro;40.78765854138641
Fonte Nova, Lisboa;10.483890694817559
Abraveses, Viseu;70.60051599582494
Olivais Norte, Lisboa;17.349769339972053
Olivais, Coimbra;40.67257608086139
Santo Tirso, Santo Tirso;27.103255278413656
Oliveira do Douro, Porto;7.42056882378263
Eiras e São Paulo de Frades, Coimbra;40.55118907354426
Conceição e Cabanas de Tavira, Faro;82.59536904645611
Oeiras e São Julião da Barra, Paço de Arcos e Caxias, Lisboa;1.0917467790256044
Mafamude e Vilar do Paraíso, Porto;6.770902715421252
Pedra Mourinha, Portimão;3.236695140898152
Oliveira do Douro, Porto;7.42056882378263
Centro, Aveiro;40.78765854138641
Centro, Aveiro;40.78765854138641
Canidelo, Porto;3.9645576755340723
Celas, Coimbra;40.12085130861075
Águas Santas, Porto;10.51960564694329
Santa Apolónia, Coimbra;40.23559103543437
Baleal, Peniche;5.810706297955714
Centro, Aveiro;40.78765854138641
Centro, Aveiro;40.78765854138641
Centro, Aveiro;40.78765854138641
Cacém e São Marcos, Lisboa;8.093431252912469
Canidelo, Porto;3.9645576755340723
Areia Branca, Lourinhã;8.152270634200145
Algueirão-Mem Martins, Lisboa;11.057431657645967
Alto dos Barronhos, Oeiras;5.787636317326605
Sé, Santa Maria e Meixedo, Bragança;171.31479316049644
À Av. Uruguai, Lisboa;10.286624913417025
Vila Nova Caparica, Almada;2.8952081637842384
Encosta da Barata, Abrantes;97.81508701487935
Garajau, Santa Cruz;8950.510465797768
Alcântara, Lisboa;8.11633887517277
Moreira, Porto;10.810954509844974
Santa Marinha e São Pedro da Afurada, Porto;4.89119145704773
Arca d´ Água, Porto;5.644195495353786
Valongo, Valongo;15.317228097109272
Lagos, Lagos;3609.996885639528
Algueirão-Mem Martins, Lisboa;11.057431657645967
OVAR Centro, Ovar;16.459914214864654
Baleal, Peniche;5.810706297955714
À Av. Uruguai, Lisboa;10.286624913417025
Valongo, Porto;15.317228097109272
Montijo e Afonsoeiro, Setúbal;25.073427815554755
GAIA Madalena, Vila Nova de Gaia;5.846423726220258
Chinicato, Lagos;11.84583513931873
Qta do Marquês, Oeiras;1.9970628471582514
Antas, Porto;7.2903817058845535
Senhora da Hora, Matosinhos;4.018086816415378
Ramalde, Porto;3.8727758524248954
Olivais, Lisboa;16.354114399684835
Antas, Porto;7.2903817058845535
Miratejo, Seixal;11.806414752230275
Bairro das Amendoeiras, Lisboa;15.93277100290305
Foz do Douro, Porto;0.0
Rio Tinto - Areosa, Gondomar;8.038107064515051
Lamego (Almacave e Sé), Viseu;71.18471723000803
Damaia de Cima, Amadora;8.04128418433145
Damaia de Cima, Amadora;8.04128418433145
Damaia de Cima, Amadora;8.04128418433145
Paços de Ferreira, Porto;28.395033213393734
Bragaparque, Braga;31.40105398681912
Avenidas Novas, Lisboa;13.13200174110294
Mafamude e Vilar do Paraíso, Porto;6.770902715421252
QUINTA DA FÁBRICA DA PÓLVORA, Seixal;11.806414752230275
Mafamude e Vilar do Paraíso, Porto;6.770902715421252
Santo António, Lisboa;11.450279740558718
Vermoeira, Mafra;23.45638477199256
Santa Marinha e São Pedro da Afurada, Porto;4.89119145704773
Vila Nova de Gaia, Vila Nova de Gaia;6.1107414726810445
Caniço, Ilha da Madeira;906.2278561453574
Peniche, Peniche;4.690487960994953
Caniço de Baixo, Santa Cruz;905.5085539862554
Celas, Coimbra;40.12085130861075
Caniço de Baixo, Santa Cruz;905.5085539862554
Celas, Coimbra;40.12085130861075
Valongo, Porto;15.317228097109272
Sé, Santa Maria e Meixedo, Bragança;171.31479316049644
Avenidas Novas, Lisboa;13.13200174110294
Quarteira, Faro;38.86920377587499
Portimão, Faro;1.843917030787198
Corujeira, Porto;7.664202598069662
Corujeira, Porto;7.664202598069662
SJM 4, São João da Madeira;17.973921905226348
Sé, Santa Maria e Meixedo, Bragança;171.31479316049644
Portela, Loures;18.379036014153854
Imaculado Coração de Maria, Ilha da Madeira;910.2971622878367
Loures, Loures;18.34297673814834
Lumiar, Lisboa;13.776681240787086
Corujeira, Porto;7.664202598069662
Madragoa, Lisboa, Lisboa;9.822256027841377
Corujeira, Porto;7.664202598069662
Campanhã, Porto;8.29350767352667
Areeiro, Lisboa;14.051324664085923
Corujeira, Porto;7.664202598069662
Valpaços e Sanfins, Vila Real;123.58368377786563
Corujeira, Porto;7.664202598069662
Olivais Sul, Lisboa;16.764544907684343
Corujeira, Porto;7.664202598069662
Corujeira, Porto;7.664202598069662
Recardães e Espinhel, Aveiro;52.03025570459727
Santarém (Marvila), Santa Iria da Ribeira de Santarém, Santarém (São Salvador) e Santarém (São Nicolau), Santarém;58.192875823377335
Feijó, Almada;6.171094176859449
Areeiro, Lisboa;14.051324664085923
Casa Branca, Funchal;912.6744738228882
Monserrate, Viana do Castelo;0.0
Arcozelo, Braga;14.17688461362767
Monte Verde, Tavira;79.19533607152272
Serra de Carnaxide, Oeiras;6.005538641203241
Vila Nova de Famalicão e Calendário, Braga;23.960951147650228
Águas Belas, Santarém;70.72862827391607
Fundão, Fundão;117.38245359452416
S. Miguel, Ovar;16.459914214864654
Arca d´ Água, Porto;5.644195495353786
Lumiar, Lisboa;13.776681240787086
Sesmarias, Portimão;4.611830381998827
Tomar (São João Baptista) e Santa Maria dos Olivais, Santarém;6479.269786659585
Barcelos, Vila Boa e Vila Frescainha (São Martinho e São Pedro), Braga;11.397872840035202
Tomar (São João Baptista) e Santa Maria dos Olivais, Santarém;6479.269786659585
Nogueira, Fraião e Lamaçães, Braga;31.3889782579993
Caparica, Almada;3.1463675392715316
Faro (Sé e São Pedro), Faro;54.20524560078392
Oeiras e São Julião da Barra, Paço de Arcos e Caxias, Lisboa;1.0917467790256044
Camarate, Unhos e Apelação, Lisboa;19.107837367433312
Real, Ataíde e Oliveira, Porto;42.427890876760465
Pinhal Novo, Setúbal;27.67976920823699
Gondomar (São Cosme), Valbom e Jovim, Porto;11.50596710355383
Gondomar (São Cosme), Valbom e Jovim, Porto;11.50596710355383
Gondomar (São Cosme), Valbom e Jovim, Porto;11.50596710355383
Gondomar (São Cosme), Valbom e Jovim, Porto;11.50596710355383
Gondomar (São Cosme), Valbom e Jovim, Porto;11.50596710355383
Gondomar (São Cosme), Valbom e Jovim, Porto;11.50596710355383
Gondomar (São Cosme), Valbom e Jovim, Porto;11.50596710355383
Gondomar (São Cosme), Valbom e Jovim, Porto;11.50596710355383
Gondomar (São Cosme), Valbom e Jovim, Porto;11.50596710355383
Gondomar (São Cosme), Valbom e Jovim, Porto;11.50596710355383
Gondomar (São Cosme), Valbom e Jovim, Porto;11.50596710355383
Gondomar (São Cosme), Valbom e Jovim, Porto;11.50596710355383
Gondomar (São Cosme), Valbom e Jovim, Porto;11.50596710355383
Gondomar (São Cosme), Valbom e Jovim, Porto;11.50596710355383
Gondomar (São Cosme), Valbom e Jovim, Porto;11.50596710355383
Gondomar (São Cosme), Valbom e Jovim, Porto;11.50596710355383
Santa Marinha e São Pedro da Afurada, Porto;4.89119145704773
São Sebastião de Guerreiros, Loures;18.340493493067186
Carnaxide, Oeiras;5.610197989984755
Santa Marinha e Afurada, Vila Nova de Gaia;4.89119145704773
Campo de Ourique, Lisboa;10.281507683662495
Laranjeiras Metro, Lisboa;11.893393441456054
Largo da Paz, Lisboa;7.185666760033358
Amial, Porto;6.241425648256122
Portela, Loures;18.379036014153854
Santo Tirso, Santo Tirso;27.103255278413656
São Martinho, Ilha da Madeira;913.1634493354305
São Martinho, Ilha da Madeira;913.1634493354305
São Martinho, Ilha da Madeira;913.1634493354305
São Martinho, Ilha da Madeira;913.1634493354305
Pero Negro, Sobral de Monte Agraço;28.12376614927773
Venteira, Amadora;8.931660920362937
Angra (São Pedro), Ilha Terceira;1539.6593712395666
Venteira, Lisboa;8.043986468943439
Porto, Porto;3.8727758524248954
Algueirão-Mem Martins, Lisboa;11.057431657645967
Campolide, Lisboa;10.866585593669793
Fluvial, Porto;1.5893000574731893
Valbom Zona 1, Gondomar;9.74755056971198
Ermesinde, Porto;12.607343989226592
Rio Tinto, Gondomar;9.7032781760626
Seia, São Romão e Lapa dos Dinheiros, Guarda;102.71582425602914
Arcozelo, Braga;14.17688461362767
Arcozelo, Braga;14.17688461362767
Belém, Lisboa;6.169214228763964
Caldas da Rainha - Santo Onofre e Serra do Bouro, Leiria;21.947101158483175
Vila Real (Nossa Senhora da Conceição, São Pedro e São Dinis), Vila Real;79.7233588180311
Algueirão/Mem-Martins, Sintra;11.057431657645967
Arcozelo, Braga;14.17688461362767
Centro Saúde, Faro;54.11237261957846
Lourosa, Aveiro;8.327458957158518
Pinhal Novo, Setúbal;27.67976920823699
Centro Estarreja, Estarreja;28.889359122226637
Fátima, Santarém;64.322263227467
Vila Real (Nossa Senhora da Conceição, São Pedro e São Dinis), Vila Real;79.7233588180311
Lourosa, Aveiro;8.327458957158518
Costa da Caparica, Setúbal;0.0
Polo Universitário, Porto;6.449000366262409
Pombal, Leiria;35.112675632789276
Pombal, Leiria;35.112675632789276
Pombal, Leiria;35.112675632789276
Pombal, Leiria;35.112675632789276
Pombal, Leiria;35.112675632789276
Pombal, Leiria;35.112675632789276
Pombal, Leiria;35.112675632789276
Pombal, Leiria;35.112675632789276
Pombal, Leiria;35.112675632789276
Pombal, Leiria;35.112675632789276
Pombal, Leiria;35.112675632789276
Algés, Linda-a-Velha e Cruz Quebrada-Dafundo, Lisboa;3.6360853007030998
Pombal, Leiria;35.112675632789276
Pombal, Leiria;35.112675632789276
Pombal, Leiria;35.112675632789276
Pombal, Leiria;35.112675632789276
Pombal, Leiria;35.112675632789276
Pombal, Leiria;35.112675632789276
QUINTA DO BATATEIRO, Seixal;9.717977480367992
Corroios, Setúbal;7.238655208844806
Oeiras e São Julião da Barra, Paço de Arcos e Caxias, Lisboa;1.0917467790256044
Penafiel, Porto;32.80733451586997
Vila de Cucujães, Aveiro;19.14069107870874
Odivelas, Lisboa;14.328217649455674
Vila do Conde, Porto;18.041941849848865
Castelo, Vila do Conde;18.041941849848865
Vila do Conde, Porto;18.041941849848865
Mafamude e Vilar do Paraíso, Porto;6.770902715421252
Laranjeiro e Feijó, Setúbal;6.2728179730089035
Olaias, Lisboa;14.242667463776487
Fânzeres e São Pedro da Cova, Porto;13.685372396143663
Fânzeres e São Pedro da Cova, Porto;13.685372396143663
Fânzeres e São Pedro da Cova, Porto;13.685372396143663
Seia, São Romão e Lapa dos Dinheiros, Guarda;102.71582425602914
Vila do Conde, Porto;18.041941849848865
Vila do Conde, Porto;18.041941849848865
Vila do Conde, Porto;18.041941849848865
Casal do Marco, Seixal;12.855629021681242
Vila do Conde, Porto;18.041941849848865
Alhos Vedros, Setúbal;19.76101223033143
Azurém, Braga;40.57654074627385
Vila do Conde, Porto;18.041941849848865
Pampilhosa, Mealhada;43.5060658417184
Torre da Marinha, Seixal;11.683840374474547
Centro Oliveira do Bairro, Oliveira do Bairro;50.6015653946215
Ferrel, Peniche;5.698716829153544
Valbom Zona 1, Gondomar;9.74755056971198
Pampilhosa, Mealhada;43.5060658417184
Olivais Sul, Lisboa;16.764544907684343
Vialonga, Lisboa;26.867872407278217
Pampilhosa, Mealhada;43.5060658417184
Alto do Moinho, Seixal;11.806414752230275
Moncarapacho e Fuseta, Faro;66.48155661272949
Mateus, Vila Real;82.25296289043851
Pampilhosa, Mealhada;43.5060658417184
Malveira - 8 Encantos, Mafra;20.251576795931044
Mafra Periferia, Mafra;16.3072687957958
Pampilhosa, Mealhada;43.5060658417184
Ajuda, Lisboa;8.01873198559227
Pampilhosa, Mealhada;43.5060658417184
Paços de Brandão, Aveiro;5.472634846589532
Pampilhosa, Mealhada;43.5060658417184
Areeiro, Loulé;45.64636163299133
Pampilhosa, Mealhada;43.5060658417184
Alhos Vedros, Setúbal;19.76101223033143
Tomar (São João Baptista) e Santa Maria dos Olivais, Santarém;6479.269786659585
Povoa de Santa Iria  e Forte da Casa, Vila Franca , Vila Franca de Xira;26.966924690250526
Lumiar, Lisboa;13.776681240787086
Santa Maria Maior, Vila Real;111.03437456662985
ENTC - LIDL, Entroncamento;77.60922984936234
ENTC - LIDL, Entroncamento;77.60922984936234
Nossa Senhora de Fátima, Santarém;77.38447721311599
ENTC - LIDL, Entroncamento;77.60922984936234
ENTC - LIDL, Entroncamento;77.60922984936234
ENTC - LIDL, Entroncamento;77.60922984936234
Pombal, Leiria;35.112675632789276
ENTC - LIDL, Entroncamento;77.60922984936234
Santa Marinha e São Pedro da Afurada, Porto;4.89119145704773
Pombal, Leiria;35.112675632789276
ENTC - LIDL, Entroncamento;77.60922984936234
Pombal, Leiria;35.112675632789276
Pombal, Leiria;35.112675632789276
ENTC - LIDL, Entroncamento;77.60922984936234
Pombal, Leiria;35.112675632789276
ENTC - LIDL, Entroncamento;77.60922984936234
ENTC - LIDL, Entroncamento;77.60922984936234
ENTC - LIDL, Entroncamento;77.60922984936234
ENTC - LIDL, Entroncamento;77.60922984936234
Guia, Faro;20.973061084498227
Ermesinde, Porto;12.607343989226592
Monte Gordo, Vila Real de Santo António;96.58586629883453
ENTC - LIDL, Entroncamento;77.60922984936234
Leiria, Pousos, Barreira e Cortes, Leiria;47.64125431456651
ENTC - LIDL, Entroncamento;77.60922984936234
Leiria, Pousos, Barreira e Cortes, Leiria;47.64125431456651
Leiria, Pousos, Barreira e Cortes, Leiria;47.64125431456651
Leiria, Pousos, Barreira e Cortes, Leiria;47.64125431456651
ENTC - LIDL, Entroncamento;77.60922984936234
ENTC - LIDL, Entroncamento;77.60922984936234
Alboi, Aveiro;40.87686989088378
Parada de Todeia, Porto;25.52280364762889
Ramalde, Porto;3.8727758524248954
ENTC - LIDL, Entroncamento;77.60922984936234
Abrantes (São Vicente e São João) e Alferrarede, Santarém;95.22015910196744
Peniche, Peniche;4.690487960994953
ENTC - LIDL, Entroncamento;77.60922984936234
Abrantes, Abrantes;97.81508701487935
Campanhã, Porto;8.29350767352667
Olivais Sul, Lisboa;16.764544907684343
Campanhã, Porto;8.29350767352667
Costa, Braga;29.52355037845546
Santa Maria Maior, Viana do Castelo;1.5374131605361308
Bairro do Rosário, Cascais;2.0782786085037124
Paredes, Porto;21.939571653289125
Vila Franca de Xira, Vila Franca de Xira;38.8899414380021
Damaia de Cima, Amadora;8.04128418433145
São Pedro de Castelões, Aveiro;28.287053161207762
Lamego (Almacave e Sé), Viseu;71.18471723000803
Oliveira do Douro, Porto;7.42056882378263
São Martinho, Ilha da Madeira;913.1634493354305
Bougado (São Martinho e Santiago), Porto;23.03072295959465
Caniço, Ilha da Madeira;906.2278561453574
Santa Marinha e São Pedro da Afurada, Porto;4.89119145704773
Laranjeiras Metro, Lisboa;11.893393441456054
Oliveira do Douro, Porto;7.42056882378263
Linda-a-Velha, Oeiras;4.781621070710072
Costa Cabral, Porto;7.287323197969414
Fajã de Baixo, Ilha de São Miguel;1416.2611810645626
Santarém (Marvila), Santa Iria da Ribeira de Santarém, Santarém (São Salvador) e Santarém (São Nicolau), Santarém;58.192875823377335
Lumiar, Lisboa;13.776681240787086
Moita, Setúbal;21.135826600928002
Gulpilhares e Valadares, Porto;7.203684078768482
Charneca de Caparica e Sobreda, Setúbal;3.628115439842423
Paranhos, Porto;6.200720730311939
Estrela, Lisboa;8.671484111975005
Agualva e Mira-Sintra, Lisboa;8.389125701920866
Vila Franca de Xira, Vila Franca de Xira;38.8899414380021
Nossa Senhora da Piedade, Santarém;60.55783932597185
Centro, Guarda;126.97236772522069
Ranhados, Viseu;74.37338154557564
Antas, Porto;7.2903817058845535
Alvalade, Lisboa;14.072208194283228
Costa da Caparica, Setúbal;0.0
Ponta Delgada (São José), Ilha de São Miguel;1418.824740901806
Esgueira, Aveiro;39.89781245422388
Vila Real (Nossa Senhora da Conceição, São Pedro e São Dinis), Vila Real;79.7233588180311
Pombal, Leiria;35.112675632789276
Pombal, Leiria;35.112675632789276
Pombal, Leiria;35.112675632789276
Pombal, Leiria;35.112675632789276
Pombal, Leiria;35.112675632789276
Pombal, Leiria;35.112675632789276
Pombal, Leiria;35.112675632789276
Pombal, Leiria;35.112675632789276
Pombal, Leiria;35.112675632789276
Altura, Castro Marim;91.80741957092981
Pombal, Leiria;35.112675632789276
Pombal, Leiria;35.112675632789276
Pombal, Leiria;35.112675632789276
Pombal, Leiria;35.112675632789276
Pombal, Leiria;35.112675632789276
Pombal, Leiria;35.112675632789276
Pombal, Leiria;35.112675632789276
Pombal, Leiria;35.112675632789276
Ermesinde, Valongo;12.607343989226592
Pombal, Leiria;35.112675632789276
Pombal, Leiria;35.112675632789276
Centro de São Mamede de Infesta, Matosinhos;7.3517160282247405
Campolide, Lisboa;10.866585593669793
Funchal (São Pedro), Ilha da Madeira;911.3474709952105
Bx. Banheira / Mercado Municipal, Moita;16.70710712105308
Vila Nova de Gaia, Vila Nova de Gaia;6.1107414726810445
Bx. Banheira / Mercado Municipal, Moita;16.70710712105308
Penha, Faro;55.06187658918737
Viseu, Viseu;72.64347553776635
Vila Nova Caparica 2, Almada;2.8952081637842384
Damaia de Cima, Amadora;8.04128418433145
Praia, Póvoa de Varzim;14.479060434043568
Boavista, Porto;4.196457361249636
Madalena, Porto;5.846423726220258
Gulpilhares e Valadares, Porto;7.203684078768482
Garajau, Santa Cruz;8950.510465797768
Arcozelo, Braga;14.17688461362767
Campo de Ourique, Lisboa;10.281507683662495
Castelo Branco, Castelo Branco;124.20107703903876
Mafamude e Vilar do Paraíso, Porto;6.770902715421252
Odivelas, Odivelas;14.328217649455674
Olhão Norte, Olhão;62.42405763642128
Rio Tinto, Porto;9.7032781760626
Cacém e São Marcos, Lisboa;8.093431252912469
Torel, Lisboa;11.576264695957887
Rio de Mouro, Lisboa;8.317144660863974
Pedrouços, Porto;8.371858113647699
Cete, Porto;25.766781200995936
Telheiras, Lisboa;12.94312325216144
Quarteira, Faro;38.86920377587499
Peniche, Peniche;4.690487960994953
Algueirão, Sintra;11.885007122638577
Águas Livres, Lisboa;8.24628966617172
São Martinho, Ilha da Madeira;913.1634493354305
Baguim do Monte - Missilva, Gondomar;13.281822136215698
Olivais Sul, Lisboa;16.764544907684343
Vila Nova de Gaia, Vila Nova de Gaia;6.1107414726810445
Vila Nova de Gaia, Vila Nova de Gaia;6.1107414726810445
São Martinho, Ilha da Madeira;913.1634493354305
Vila Verde, Oliveira do Bairro;49.56697898061591
Rio Tinto - Medancelhe, Gondomar;9.797979619172002
Celas, Coimbra;40.12085130861075
Lagoa e Carvoeiro, Faro;9.478291520192403
Lagoa e Carvoeiro, Faro;9.478291520192403
Mafamude e Vilar do Paraíso, Porto;6.770902715421252
Vila Praia de Âncora, Viana do Castelo;13.93161858684437
Lanhelas, Viana do Castelo;23.62370578461977
Atouguia da Baleia, Peniche;3.239333426345195
Massamá e Monte Abraão, Lisboa;6.814228357752641
Tapada das Mercês, Sintra;11.25311658046844
Alvor, Portimão;5.229326271488257
Bonfim, Porto;6.7467861436355925
Pombal, Leiria;35.112675632789276
Sines, Setúbal;26.840647440421336
Bonfim, Porto;6.7467861436355925
S. Martinho do Bispo, Coimbra;36.42442906101372
Paivas, Seixal;11.806414752230275
Porto, Porto;3.8727758524248954
Estrela, Lisboa;8.671484111975005
Alto Rodes, Faro;54.434618537567104
Bairro Sra. dos Remédios, Guarda;126.97236772522069
Moita, Moita;20.119787352835818
Gulpilhares e Valadares, Porto;7.203684078768482
Arcozelo, Braga;14.17688461362767
Alhos Vedros, Setúbal;19.76101223033143
Real Clube Massamá, Sintra;6.652179529347949
Carcavelos e Parede, Lisboa;4.479612964151894
Bx. Banheira / Seg. Social, Moita;16.57659773515785
Belém, Lisboa;6.169214228763964
Pombal, Leiria;35.112675632789276
Pombal, Leiria;35.112675632789276
Pombal, Leiria;35.112675632789276
Pombal, Leiria;35.112675632789276
Pombal, Leiria;35.112675632789276
Pombal, Leiria;35.112675632789276
Pombal, Leiria;35.112675632789276
Seia, São Romão e Lapa dos Dinheiros, Guarda;102.71582425602914
Senhora da Hora, Matosinhos;4.018086816415378
Pataias e Martingança, Leiria;52.973468866708764
Santiago e São Simão de Litém e Albergaria dos Doze, Leiria;43.83311978036281
Canidelo, Porto;3.9645576755340723
Mafamude e Vilar do Paraíso, Porto;6.770902715421252
Santa Clara e Castelo Viegas, Coimbra;38.0356812566624
Serpins, Coimbra;56.842112932388055
Azurara, Porto;18.705667917385828
Azurara, Porto;18.705667917385828
Azurara, Porto;18.705667917385828
Parque das Nações - Expo Sul, Lisboa;17.46542333689563
Azurara, Porto;18.705667917385828
Falagueira, Amadora;8.931660920362937
Azurara, Porto;18.705667917385828
Azurara, Porto;18.705667917385828
Seixal, Arrentela e Aldeia de Paio Pires, Setúbal;11.42684609744841
Azurara, Porto;18.705667917385828
Azurara, Porto;18.705667917385828
Alto do Seixalinho, Santo André e Verderena, Setúbal;14.831933354997489
Azurara, Porto;18.705667917385828
Fânzeres - Regadas, Gondomar;12.979886997584128
Azurara, Porto;18.705667917385828
Tarouca e Dálvares, Viseu;74.09593867736245
Azurara, Porto;18.705667917385828
Vila do Conde, Porto;18.041941849848865
Azurara, Porto;18.705667917385828
Hospital S. João, Porto;6.9813933720449635
Azurara, Porto;18.705667917385828
Azurara, Porto;18.705667917385828
Colmeias e Memória, Leiria;43.4692262630971
Mateus, Vila Real;82.25296289043851
Quarteira, Loulé;38.86920377587499
São Gonçalo de Lagos, Faro;13.918843266837028
Albufeira e Olhos de Água, Faro;27.535890776439256
Albufeira e Olhos de Água, Faro;27.535890776439256
A5 - Eirado, Vila Nova de Gaia;6.1107414726810445
Caniço, Ilha da Madeira;906.2278561453574
Albufeira e Olhos de Água, Faro;27.535890776439256
Tomar (São João Baptista) e Santa Maria dos Olivais, Santarém;6479.269786659585
Ermesinde, Valongo;12.607343989226592
Albufeira e Olhos de Água, Faro;27.535890776439256
Santa Marta do Pinhal, Seixal;11.806414752230275
Santo António, Ilha da Madeira;911.7377871842959
Santo António, Ilha da Madeira;911.7377871842959
Santo António, Ilha da Madeira;911.7377871842959
Santo António, Ilha da Madeira;911.7377871842959
Câmara de Lobos, Ilha da Madeira;915.8629411414669
Santo António, Ilha da Madeira;911.7377871842959
Santo António, Ilha da Madeira;911.7377871842959
Santo António, Ilha da Madeira;911.7377871842959
Santo António, Ilha da Madeira;911.7377871842959
Santo António, Ilha da Madeira;911.7377871842959
Santo António, Ilha da Madeira;911.7377871842959
Santo António, Ilha da Madeira;911.7377871842959
Santo António, Ilha da Madeira;911.7377871842959
Santo António, Ilha da Madeira;911.7377871842959
Santo António, Ilha da Madeira;911.7377871842959
Santo António, Ilha da Madeira;911.7377871842959
Santo António, Ilha da Madeira;911.7377871842959
Santo António, Ilha da Madeira;911.7377871842959
Santo António, Ilha da Madeira;911.7377871842959
Santo António, Ilha da Madeira;911.7377871842959
Tomar (São João Baptista) e Santa Maria dos Olivais, Santarém;6479.269786659585
Nogueira da Regedoura, Aveiro;5.096251656917817
Santo António Cavaleiros, Loures;17.071817086642735
Faro (Sé e São Pedro), Faro;54.20524560078392
Monte Estoril, Cascais;3.7433050772286975
Vila Nova de Famalicão e Calendário, Braga;23.960951147650228
Portimão, Faro;1.843917030787198
Portimão, Faro;1.843917030787198
São Mamede de Infesta e Senhora da Hora, Porto;4.018086816415378
ERA Palmela Azeitao, Almada;29.937178690971553
Ramada e Caneças, Lisboa;14.744078742070112
Oliveira do Douro, Porto;7.42056882378263
Pinheiro Manso, Porto;2.4368767102548117
Madalena, Porto;5.846423726220258
Tavira (Santa Maria e Santiago), Faro;79.19533607152272
Ponta Delgada (São Sebastião), Ilha de São Miguel;1417.9833444529988
Tavira (Santa Maria e Santiago), Faro;79.19533607152272
Rabo de Peixe, Ilha de São Miguel;1409.282004608318
Vila Real de Santo António, Faro;99.17169839521915
Vila Nova de Cacela, Faro;89.26676043997165
Paredes, Porto;21.939571653289125
Peniche, Peniche;4.690487960994953
Marvila, Lisboa;15.532421029518922
Real, Dume e Semelhe, Braga;29.436313512353813
Centro de Carnaxide, Oeiras;5.461758869398611
Montijo e Afonsoeiro, Setúbal;25.073427815554755
Atouguia da Baleia, Leiria;3.239333426345195
Vila Real (Nossa Senhora da Conceição, São Pedro e São Dinis), Vila Real;79.7233588180311
Aguada de Baixo, Águeda;52.702558860229935
Paredes, Porto;21.939571653289125
Vila Real (Nossa Senhora da Conceição, São Pedro e São Dinis), Vila Real;79.7233588180311
Castêlo da Maia, Porto;13.374413998689244
Ponte de Lima, Ponte de Lima;22.60311500865174
Lordelo, Porto;23.063582630597043
Lordelo, Porto;23.063582630597043
Laranjeiro e Feijó, Setúbal;6.2728179730089035
Ermesinde, Valongo;12.607343989226592
Monte Abraão, Sintra;7.587076474306803
Forte da Casa, Vila Franca de Xira;28.53609709463579
Ermesinde, Porto;12.607343989226592
Arca d´ Água, Porto;5.644195495353786
Benfica, Lisboa;9.792851966067698
Baguim do Monte - Vale Ferreiros, Gondomar;12.611720661038373
Nazaré, Leiria;39.529999187953806
Campolide, Lisboa;10.866585593669793
Solum, Coimbra;41.05187780355487
Garajau, Santa Cruz;8950.510465797768
Arcozelo, Braga;14.17688461362767
Oeiras e São Julião da Barra, Paço de Arcos e Caxias, Lisboa;1.0917467790256044
Pedroso e Seixezelo, Porto;9.342552945965519
Santa Marinha e São Pedro da Afurada, Porto;4.89119145704773
Marco, Marco de Canaveses;44.9142153080263
Lapa, Lisboa, Lisboa;9.595941242425837
Parque das Nações - Expo Sul, Lisboa;17.46542333689563
Celorico (São Pedro e Santa Maria) e Vila Boa do Mondego, Guarda;113.70943082418513
Matosinhos, Matosinhos;4.05647559371589
Águas Livres, Lisboa;8.24628966617172
São Gonçalo de Lagos, Faro;13.918843266837028
Parque das Nações - Expo Sul, Lisboa;17.46542333689563
Albufeira e Olhos de Água, Faro;27.535890776439256
Marvila, Lisboa;15.532421029518922
Barreiro / Fórum Barreiro, Barreiro;14.006778581389353
Algés, Linda-a-Velha e Cruz Quebrada-Dafundo, Lisboa;3.6360853007030998
Santa Marinha e São Pedro da Afurada, Porto;4.89119145704773
Fânzeres e São Pedro da Cova, Porto;13.685372396143663
Centro, Guarda;126.97236772522069
Falagueira, Amadora;8.931660920362937
Moita, Setúbal;21.135826600928002
Armação de Pêra, Silves;15.848149929652397
Nazaré, Leiria;39.529999187953806
Laranjeiras Metro, Lisboa;11.893393441456054
Nazaré, Leiria;39.529999187953806
Fonte Nova, Lisboa;10.483890694817559
Vilar de Andorinho, Porto;9.040445271973667
S. Dinis, Porto;5.105691534986529
Santarém (Marvila), Santa Iria da Ribeira de Santarém, Santarém (São Salvador) e Santarém (São Nicolau), Santarém;58.192875823377335
Feijó, Almada;6.171094176859449
Portimão, Faro;1.843917030787198
Mafamude e Vilar do Paraíso, Porto;6.770902715421252
Santa Maria Maior, Viana do Castelo;1.5374131605361308
Oliveira de Azeméis, Santiago de Riba-Ul, Ul, Macinhata da Seixa e Madail, Aveiro;23.432073363570613
Oliveira do Douro, Porto;7.42056882378263
Arca d´ Água, Porto;5.644195495353786
Monte Gordo, Vila Real de Santo António;96.58586629883453
Quarteira, Loulé;38.86920377587499
Portimão, Faro;1.843917030787198
Apúlia e Fão, Braga;3.0969419291899465
Monte Abraão, Sintra;7.587076474306803
Loures, Loures;18.34297673814834
Oliveira de Azeméis, Santiago de Riba-Ul, Ul, Macinhata da Seixa e Madail, Aveiro;23.432073363570613
Carcavelos, Cascais;3.986691017160504
Mina de Água, Lisboa;10.262866036193694
Eiras, Coimbra;40.494486546736205
Olivais Sul, Lisboa;16.764544907684343
Mina de Água, Lisboa;10.262866036193694
Ericeira Periferia, Mafra;14.880484044999088
Repeses, Viseu;72.90103409941295
Repeses e São Salvador, Viseu;71.5322455238784
Repeses e São Salvador, Viseu;71.5322455238784
Repeses e São Salvador, Viseu;71.5322455238784
Repeses e São Salvador, Viseu;71.5322455238784
Arca d´ Água, Porto;5.644195495353786
Arca d´ Água, Porto;5.644195495353786
Repeses e São Salvador, Viseu;71.5322455238784
Arca d´ Água, Porto;5.644195495353786
Arca d´ Água, Porto;5.644195495353786
Repeses e São Salvador, Viseu;71.5322455238784
Arca d´ Água, Porto;5.644195495353786
Repeses e São Salvador, Viseu;71.5322455238784
Brufe, Braga;22.916404050240534
Laranjeiro, Almada;6.907300997076936
Alhos Vedros, Setúbal;19.76101223033143
Repeses e São Salvador, Viseu;71.5322455238784
Gala, Figueira da Foz;4.740182859073519
Paredes, Porto;21.939571653289125
Mataduços, Aveiro;38.46625583690636
Monte Abraão, Sintra;7.587076474306803
São Marcos, Sintra;6.255093218872139
Chafé, Viana do Castelo;6.964729525772052
Chafé, Viana do Castelo;6.964729525772052
Paços de Ferreira, Porto;28.395033213393734
Chafé, Viana do Castelo;6.964729525772052
Chafé, Viana do Castelo;6.964729525772052
Santa Maria Maior, Vila Real;111.03437456662985
Chafé, Viana do Castelo;6.964729525772052
Cova da Piedade, Almada;7.020425110686671
Chafé, Viana do Castelo;6.964729525772052
Chafé, Viana do Castelo;6.964729525772052
Rio Tinto - Estação, Gondomar;9.7032781760626
Chafé, Viana do Castelo;6.964729525772052
Venteira, Lisboa;8.043986468943439
Agualva - Cacém, Sintra;7.945656394232568
Chafé, Viana do Castelo;6.964729525772052
Lamego (Almacave e Sé), Viseu;71.18471723000803
Chafé, Viana do Castelo;6.964729525772052
Chafé, Viana do Castelo;6.964729525772052
Chafé, Viana do Castelo;6.964729525772052
Chafé, Viana do Castelo;6.964729525772052
Bragaparque, Braga;31.40105398681912
Chafé, Viana do Castelo;6.964729525772052
Nogueira, Fraião e Lamaçães, Braga;31.3889782579993
Chafé, Viana do Castelo;6.964729525772052
Chafé, Viana do Castelo;6.964729525772052
Chafé, Viana do Castelo;6.964729525772052
Porto, Porto;3.8727758524248954
Chafé, Viana do Castelo;6.964729525772052
Planalto, Leiria;46.3193830869077
Chafé, Viana do Castelo;6.964729525772052
Chafé, Viana do Castelo;6.964729525772052
Chafé, Viana do Castelo;6.964729525772052
Chafé, Viana do Castelo;6.964729525772052
Chafé, Viana do Castelo;6.964729525772052
Chafé, Viana do Castelo;6.964729525772052
Damaia, Amadora;8.378104626542779
Vale da Cabrita, Leiria;47.7009220778756
Alto do Seixalinho / Largo da Santa, Barreiro;15.019171738166277
São Domingos de Benfica, Lisboa;12.203341402253104
Olivais, Coimbra;40.67257608086139
Alta de Lisboa, Lisboa;14.962341743435784
Boavista, Porto;4.196457361249636
Alhos Vedros, Setúbal;19.76101223033143
Rio Tinto - Cidade Jovem, Gondomar;11.401725605417132
Póvoa de Santa Iria e Forte da Casa, Lisboa;26.966924690250526
Ílhavo (São Salvador), Aveiro;45.05312543830804
Misericórdia, Lisboa;9.963500731008953
Espinho, Aveiro;0.0
Leiria, Pousos, Barreira e Cortes, Leiria;47.64125431456651
Abraveses, Viseu;70.60051599582494
Bairro Augusto de Castro, Oeiras;1.480184834058911
ERA Palmela Azeitao, Moita;29.937178690971553
Quinta do Jacinto, Lisboa;8.583724595340861
À Av. Uruguai, Lisboa;10.286624913417025
Praia da Luz, Lagos;17.928059329441467
Costa Cabral, Porto;7.287323197969414
Vilar de Andorinho, Porto;9.040445271973667
Costa Cabral, Porto;7.287323197969414
Repeses e São Salvador, Viseu;71.5322455238784
S. Miguel, Ovar;16.459914214864654
Costa Cabral, Porto;7.287323197969414
Repeses e São Salvador, Viseu;71.5322455238784
Gafanha da Nazaré, Ílhavo;41.535172531175284
Santa Marinha e São Pedro da Afurada, Porto;4.89119145704773
Costa Cabral, Porto;7.287323197969414
Penha de França, Lisboa;12.88500975612095
Nazaré, Leiria;39.529999187953806
Repeses e São Salvador, Viseu;71.5322455238784
Repeses e São Salvador, Viseu;71.5322455238784
Repeses e São Salvador, Viseu;71.5322455238784
Estômbar e Parchal, Faro;5.353096078664188
São Martinho, Ilha da Madeira;913.1634493354305
Santa Maria Maior, Vila Real;111.03437456662985
Encosta do Sol, Lisboa;10.466708539636564
Alto do Seixalinho / Quinta do Convento, Barreiro;15.019171738166277
Santo André / Ribeira das Naus, Barreiro;14.808026278083604
Girassol, Abrantes;97.75980994436901
São Félix da Marinha, Porto;2.9111611145915415
Encosta da Barata, Abrantes;97.81508701487935
Pombal, Leiria;35.112675632789276
Cabo de Vialonga, Vila Franca de Xira;28.17662440209565
São Félix da Marinha, Porto;2.9111611145915415
Aldeia de Paio Pires, Seixal;14.338851533881714
Anta e Guetim, Aveiro;1.3803189412450962
Rosto do Cão (Livramento), Ilha de São Miguel;1411.8792045207795
São Martinho, Ilha da Madeira;913.1634493354305
Marvila, Lisboa;15.532421029518922
São Martinho, Ilha da Madeira;913.1634493354305
São Martinho, Ilha da Madeira;913.1634493354305
São Martinho, Ilha da Madeira;913.1634493354305
São Martinho, Ilha da Madeira;913.1634493354305
São Martinho, Ilha da Madeira;913.1634493354305
São Martinho, Ilha da Madeira;913.1634493354305
Bairro de Santa Cruz, Lisboa;9.4646274677786
Santa Iria de Azoia, São João da Talha e Bobadela, Lisboa;22.2215410918103
Bairro do Liceu, Aveiro;41.50529912044354
Vila Real de Santo António, Vila Real de Santo António;99.17169839521915
Lousã e Vilarinho, Coimbra;55.611291454461536
Centro de Gaia, Vila Nova de Gaia;6.1107414726810445
Vila Real de Santo António, Vila Real de Santo António;99.17169839521915
Vera Cruz, Aveiro;39.99721647091838
São Brás de Alportel, Faro;57.476075506073286
Eiras, Coimbra;40.494486546736205
Quinta da Portela / Polo II, Coimbra;39.58876218377128
Barcelos, Vila Boa e Vila Frescainha (São Martinho e São Pedro), Braga;11.397872840035202
Praia da Rocha, Portimão;0.3492952858448541
Monte Gordo, Faro;96.58586629883453
Santa Maria Maior, Vila Real;111.03437456662985
Minde, Santarém;62.86463035630798
Gouveia, Guarda;105.17422286565939
Leiria, Pousos, Barreira e Cortes, Leiria;47.64125431456651
Ribeirão, Braga;24.534993212720902
Arroios, Lisboa;12.344550088464594
Infantado, Loures;19.758247032468464
Nossa Senhora da Piedade, Santarém;60.55783932597185
Campo 24 Agosto, Porto;6.306261772371111
Vilar de Andorinho, Porto;9.040445271973667
Bonfim, Porto;6.7467861436355925
Bonfim, Porto;6.7467861436355925
Bonfim, Porto;6.7467861436355925
Alfena, Porto;15.963105022833892
Mafamude e Vilar do Paraíso, Porto;6.770902715421252
OVAR Centro, Ovar;16.459914214864654
Mangualde, Mesquitela e Cunha Alta, Viseu;91.63421365317177
Encosta da Barata, Abrantes;97.81508701487935
Póvoa de Varzim, Beiriz e Argivai, Porto;14.639671084091717
Costa da Caparica, Setúbal;0.0
À Av. Gomes Pereira, Lisboa;9.852103020045275
Paços de Brandão, Aveiro;5.472634846589532
Queluz e Belas, Lisboa;7.315045668166374
Paços de Brandão, Aveiro;5.472634846589532
Centro de Carnaxide, Oeiras;5.461758869398611
Casal Gouveia, Sintra;2.8760429390540048
Paços de Brandão, Aveiro;5.472634846589532
Águas Santas, Porto;10.51960564694329
Paços de Brandão, Aveiro;5.472634846589532
Pinheiro Manso, Porto;2.4368767102548117
Paços de Brandão, Aveiro;5.472634846589532
Queluz e Belas, Lisboa;7.315045668166374
Feijó, Almada;6.171094176859449
Ajuda, Funchal;913.3577824919167
Paços de Brandão, Aveiro;5.472634846589532
Almada, Cova da Piedade, Pragal e Cacilhas, Setúbal;7.8137183900958505
Alcabideche, Lisboa;4.098718251877825
São Domingos de Rana, Lisboa;4.461772440188919
Olivais Sul, Lisboa;16.764544907684343
Rio Tinto, Porto;9.7032781760626
Águas Santas, Porto;10.51960564694329
Olivais Sul, Lisboa;16.764544907684343
Oliveira do Hospital e São Paio de Gramaços, Coimbra;90.63702122589697
Massamá 6ª Fase, Sintra;6.459352317881806
Campinas, Sintra;7.793002602969998
Repeses e São Salvador, Viseu;71.5322455238784
Avenidas Novas, Lisboa;13.13200174110294
Freixieiro, Matosinhos;8.251404685963962
Lousã e Vilarinho, Coimbra;55.611291454461536
Lousã e Vilarinho, Coimbra;55.611291454461536
Lousã e Vilarinho, Coimbra;55.611291454461536
Verdemilho, Aveiro;43.26008297271975
Marvila, Lisboa;15.532421029518922
Massamá 6ª Fase, Sintra;6.459352317881806
Seixal, Arrentela e Aldeia de Paio Pires, Setúbal;11.42684609744841
Centro / Alfredo da Silva, Barreiro;13.606404131220344
Seixal, Arrentela e Aldeia de Paio Pires, Setúbal;11.42684609744841
Cavalinha, Olhão;62.88552177388541
Fermentões, Braga;38.995715662755494
Francelos, Vila Nova de Gaia;8.190226820866064
Monte Gordo, Faro;96.58586629883453
São Gonçalo de Lagos, Faro;13.918843266837028
Malveira, Mafra;20.251576795931044
Marvila, Lisboa;15.532421029518922
Santa Marinha e São Pedro da Afurada, Porto;4.89119145704773
Alcochete, Setúbal;26.554424978369944
Alto do Seixalinho, Santo André e Verderena, Setúbal;14.831933354997489
São Cosme Zona 2, Gondomar;12.260657705282714
Cacém e São Marcos, Lisboa;8.093431252912469
Costa de Caparica, Almada;0.0
Beato, Lisboa;14.234024125646938
Almancil, Loulé;45.029324235011714
Baixa da Banheira e Vale da Amoreira, Setúbal;16.553662318633673
Alto do Forno, Figueira da Foz;1.5587118878937019
Alvalade, Lisboa;14.072208194283228
Golden Club, Tavira;82.51026129830922
Leça do Balio, Matosinhos;7.53682904087984
Águas Santas, Porto;10.51960564694329
Atibá, Cascais;6.360396259537636
Termas de São Vicente, Porto;31.740350128914944
Amora, Setúbal;9.70314923358545
Fânzeres e São Pedro da Cova, Porto;13.685372396143663
Casal De Matos, Leiria;49.26585249897274
Mem Martins, Sintra;11.885007122638577
São João da Madeira, Aveiro;17.324137627093272
Seia, São Romão e Lapa dos Dinheiros, Guarda;102.71582425602914
Avanca, Estarreja;23.142692363180696
Linda-a-Velha, Oeiras;4.781621070710072
Algés, Oeiras;5.41296063204881
Virtudes, Porto;4.725790027749292
Estreito de Câmara de Lobos, Ilha da Madeira;914.6534224723565
Caniço, Ilha da Madeira;906.2278561453574
Covilhã, Covilhã;117.60045862402355
Viseu, Viseu;72.64347553776635
Odivelas, Lisboa;14.328217649455674
Jardim de Cima, Santarém;58.517741626842785
Linda-a-velha, Oeiras;4.781621070710072
Olivais, Lisboa;16.354114399684835
Damaia de Baixo, Amadora;9.013502311977952
Valpaços e Sanfins, Vila Real;123.58368377786563
Carvalhido, Porto;4.518264283227267
Madragoa, Lisboa, Lisboa;9.822256027841377
Esmoriz I - Pinhal da Aberta, Ovar;5.302157240212409
Garajau, Santa Cruz;8950.510465797768
Vila das Aves, Santo Tirso;32.99058632153375
Califa - Laranjeiras, Lisboa;11.829949348180921
Alto dos Moinhos, Lisboa;11.31344816657982
Alto dos Moinhos, Lisboa;11.31344816657982
Olhão, Faro;62.42405763642128
Qtª Areeiro, Santa Maria da Feira;11.853692995905034
Bairro dos Actores, Lisboa;11.879567368245146
Laranjeiro e Feijó, Setúbal;6.2728179730089035
Queluz, Sintra;7.316110740468736
Gafanha da Nazaré, Ílhavo;41.535172531175284
Ermesinde, Valongo;12.607343989226592
Vila Real (Nossa Senhora da Conceição, São Pedro e São Dinis), Vila Real;79.7233588180311
Vila Nova de Famalicão e Calendário, Braga;23.960951147650228
Lumiar, Lisboa;13.776681240787086
Monte da Caparica, Almada;4.111276862592762
Olhão Centro, Olhão;63.03402441286331
Alferrarede, Abrantes;97.1314233600126
Laranjeiro e Feijó, Setúbal;6.2728179730089035
Bom João, Faro;55.78744912413386
